Date,Value,change,% Change
1/31/1939,29923,,
2/28/1939,30100,177000,0.59%
3/31/1939,30280,180000,0.60%
4/30/1939,30094,-186000,-0.61%
5/31/1939,30299,205000,0.68%
6/30/1939,30502,203000,0.67%
7/31/1939,30419,-83000,-0.27%
8/31/1939,30663,244000,0.80%
9/30/1939,31031,368000,1.20%
10/31/1939,31411,380000,1.22%
11/30/1939,31470,59000,0.19%
12/31/1939,31542,72000,0.23%
1/31/1940,31603,61000,0.19%
2/29/1940,31715,112000,0.35%
3/31/1940,31825,110000,0.35%
4/30/1940,31701,-124000,-0.39%
5/31/1940,31879,178000,0.56%
6/30/1940,31977,98000,0.31%
7/31/1940,31942,-35000,-0.11%
8/31/1940,32352,410000,1.28%
9/30/1940,32810,458000,1.42%
10/31/1940,33267,457000,1.39%
11/30/1940,33669,402000,1.21%
12/31/1940,34174,505000,1.50%
1/31/1941,34481,307000,0.90%
2/28/1941,34843,362000,1.05%
3/31/1941,35092,249000,0.71%
4/30/1941,35468,376000,1.07%
5/31/1941,36182,714000,2.01%
6/30/1941,36650,468000,1.29%
7/31/1941,37137,487000,1.33%
8/31/1941,37544,407000,1.10%
9/30/1941,37835,291000,0.78%
10/31/1941,37949,114000,0.30%
11/30/1941,38024,75000,0.20%
12/31/1941,38104,80000,0.21%
1/31/1942,38347,243000,0.64%
2/28/1942,38512,165000,0.43%
3/31/1942,38935,423000,1.10%
4/30/1942,39352,417000,1.07%
5/31/1942,39771,419000,1.06%
6/30/1942,40029,258000,0.65%
7/31/1942,40472,443000,1.11%
8/31/1942,40988,516000,1.27%
9/30/1942,41259,271000,0.66%
10/31/1942,41515,256000,0.62%
11/30/1942,41674,159000,0.38%
12/31/1942,41915,241000,0.58%
1/31/1943,42172,257000,0.61%
2/28/1943,42393,221000,0.52%
3/31/1943,42552,159000,0.38%
4/30/1943,42647,95000,0.22%
5/31/1943,42596,-51000,-0.12%
6/30/1943,42781,185000,0.43%
7/31/1943,42700,-81000,-0.19%
8/31/1943,42546,-154000,-0.36%
9/30/1943,42492,-54000,-0.13%
10/31/1943,42675,183000,0.43%
11/30/1943,42821,146000,0.34%
12/31/1943,42746,-75000,-0.18%
1/31/1944,42654,-92000,-0.22%
2/29/1944,42538,-116000,-0.27%
3/31/1944,42294,-244000,-0.57%
4/30/1944,42063,-231000,-0.55%
5/31/1944,41985,-78000,-0.19%
6/30/1944,41947,-38000,-0.09%
7/31/1944,41904,-43000,-0.10%
8/31/1944,41850,-54000,-0.13%
9/30/1944,41679,-171000,-0.41%
10/31/1944,41708,29000,0.07%
11/30/1944,41711,3000,0.01%
12/31/1944,41860,149000,0.36%
1/31/1945,41895,35000,0.08%
2/28/1945,41897,2000,0.00%
3/31/1945,41798,-99000,-0.24%
4/30/1945,41446,-352000,-0.84%
5/31/1945,41304,-142000,-0.34%
6/30/1945,41149,-155000,-0.38%
7/31/1945,40874,-275000,-0.67%
8/31/1945,40466,-408000,-1.00%
9/30/1945,38507,-1959000,-4.84%
10/31/1945,38600,93000,0.24%
11/30/1945,38996,396000,1.03%
12/31/1945,39110,114000,0.29%
1/31/1946,39829,719000,1.84%
2/28/1946,39244,-585000,-1.47%
3/31/1946,40195,951000,2.42%
4/30/1946,40913,718000,1.79%
5/31/1946,41349,436000,1.07%
6/30/1946,41735,386000,0.93%
7/31/1946,42153,418000,1.00%
8/31/1946,42642,489000,1.16%
9/30/1946,42915,273000,0.64%
10/31/1946,43093,178000,0.41%
11/30/1946,43395,302000,0.70%
12/31/1946,43379,-16000,-0.04%
1/31/1947,43535,156000,0.36%
2/28/1947,43557,22000,0.05%
3/31/1947,43607,50000,0.11%
4/30/1947,43499,-108000,-0.25%
5/31/1947,43638,139000,0.32%
6/30/1947,43810,172000,0.39%
7/31/1947,43743,-67000,-0.15%
8/31/1947,43960,217000,0.50%
9/30/1947,44203,243000,0.55%
10/31/1947,44411,208000,0.47%
11/30/1947,44484,73000,0.16%
12/31/1947,44581,97000,0.22%
1/31/1948,44679,98000,0.22%
2/29/1948,44533,-146000,-0.33%
3/31/1948,44683,150000,0.34%
4/30/1948,44379,-304000,-0.68%
5/31/1948,44796,417000,0.94%
6/30/1948,45034,238000,0.53%
7/31/1948,45160,126000,0.28%
8/31/1948,45178,18000,0.04%
9/30/1948,45294,116000,0.26%
10/31/1948,45245,-49000,-0.11%
11/30/1948,45192,-53000,-0.12%
12/31/1948,45032,-160000,-0.35%
1/31/1949,44668,-364000,-0.81%
2/28/1949,44497,-171000,-0.38%
3/31/1949,44240,-257000,-0.58%
4/30/1949,44236,-4000,-0.01%
5/31/1949,43984,-252000,-0.57%
6/30/1949,43739,-245000,-0.56%
7/31/1949,43531,-208000,-0.48%
8/31/1949,43624,93000,0.21%
9/30/1949,43780,156000,0.36%
10/31/1949,42942,-838000,-1.91%
11/30/1949,43242,300000,0.70%
12/31/1949,43522,280000,0.65%
1/31/1950,43526,4000,0.01%
2/28/1950,43297,-229000,-0.53%
3/31/1950,43954,657000,1.52%
4/30/1950,44382,428000,0.97%
5/31/1950,44718,336000,0.76%
6/30/1950,45083,365000,0.82%
7/31/1950,45454,371000,0.82%
8/31/1950,46192,738000,1.62%
9/30/1950,46438,246000,0.53%
10/31/1950,46706,268000,0.58%
11/30/1950,46776,70000,0.15%
12/31/1950,46861,85000,0.18%
1/31/1951,47288,427000,0.91%
2/28/1951,47577,289000,0.61%
3/31/1951,47873,296000,0.62%
4/30/1951,47861,-12000,-0.03%
5/31/1951,47952,91000,0.19%
6/30/1951,48064,112000,0.23%
7/31/1951,48061,-3000,-0.01%
8/31/1951,48012,-49000,-0.10%
9/30/1951,47954,-58000,-0.12%
10/31/1951,48006,52000,0.11%
11/30/1951,48147,141000,0.29%
12/31/1951,48314,167000,0.35%
1/31/1952,48296,-18000,-0.04%
2/29/1952,48522,226000,0.47%
3/31/1952,48504,-18000,-0.04%
4/30/1952,48620,116000,0.24%
5/31/1952,48642,22000,0.05%
6/30/1952,48282,-360000,-0.74%
7/31/1952,48143,-139000,-0.29%
8/31/1952,48924,781000,1.62%
9/30/1952,49320,396000,0.81%
10/31/1952,49597,277000,0.56%
11/30/1952,49816,219000,0.44%
12/31/1952,50166,350000,0.70%
1/31/1953,50144,-22000,-0.04%
2/28/1953,50339,195000,0.39%
3/31/1953,50473,134000,0.27%
4/30/1953,50435,-38000,-0.08%
5/31/1953,50490,55000,0.11%
6/30/1953,50519,29000,0.06%
7/31/1953,50536,17000,0.03%
8/31/1953,50489,-47000,-0.09%
9/30/1953,50368,-121000,-0.24%
10/31/1953,50240,-128000,-0.25%
11/30/1953,49908,-332000,-0.66%
12/31/1953,49703,-205000,-0.41%
1/31/1954,49469,-234000,-0.47%
2/28/1954,49382,-87000,-0.18%
3/31/1954,49157,-225000,-0.46%
4/30/1954,49179,22000,0.04%
5/31/1954,48965,-214000,-0.44%
6/30/1954,48895,-70000,-0.14%
7/31/1954,48835,-60000,-0.12%
8/31/1954,48826,-9000,-0.02%
9/30/1954,48886,60000,0.12%
10/31/1954,48942,56000,0.11%
11/30/1954,49180,238000,0.49%
12/31/1954,49331,151000,0.31%
1/31/1955,49496,165000,0.33%
2/28/1955,49644,148000,0.30%
3/31/1955,49962,318000,0.64%
4/30/1955,50248,286000,0.57%
5/31/1955,50512,264000,0.53%
6/30/1955,50790,278000,0.55%
7/31/1955,50987,197000,0.39%
8/31/1955,51111,124000,0.24%
9/30/1955,51266,155000,0.30%
10/31/1955,51429,163000,0.32%
11/30/1955,51592,163000,0.32%
12/31/1955,51805,213000,0.41%
1/31/1956,51975,170000,0.33%
2/29/1956,52167,192000,0.37%
3/31/1956,52294,127000,0.24%
4/30/1956,52375,81000,0.15%
5/31/1956,52506,131000,0.25%
6/30/1956,52586,80000,0.15%
7/31/1956,51955,-631000,-1.20%
8/31/1956,52631,676000,1.30%
9/30/1956,52604,-27000,-0.05%
10/31/1956,52777,173000,0.33%
11/30/1956,52821,44000,0.08%
12/31/1956,52929,108000,0.20%
1/31/1957,52887,-42000,-0.08%
2/28/1957,53097,210000,0.40%
3/31/1957,53156,59000,0.11%
4/30/1957,53238,82000,0.15%
5/31/1957,53150,-88000,-0.17%
6/30/1957,53067,-83000,-0.16%
7/31/1957,53123,56000,0.11%
8/31/1957,53128,5000,0.01%
9/30/1957,52934,-194000,-0.37%
10/31/1957,52763,-171000,-0.32%
11/30/1957,52558,-205000,-0.39%
12/31/1957,52384,-174000,-0.33%
1/31/1958,52076,-308000,-0.59%
2/28/1958,51576,-500000,-0.96%
3/31/1958,51299,-277000,-0.54%
4/30/1958,51027,-272000,-0.53%
5/31/1958,50914,-113000,-0.22%
6/30/1958,50914,0,0.00%
7/31/1958,51039,125000,0.25%
8/31/1958,51233,194000,0.38%
9/30/1958,51506,273000,0.53%
10/31/1958,51485,-21000,-0.04%
11/30/1958,51944,459000,0.89%
12/31/1958,52085,141000,0.27%
1/31/1959,52478,393000,0.75%
2/28/1959,52688,210000,0.40%
3/31/1959,53014,326000,0.62%
4/30/1959,53321,307000,0.58%
5/31/1959,53550,229000,0.43%
6/30/1959,53681,131000,0.24%
7/31/1959,53804,123000,0.23%
8/31/1959,53336,-468000,-0.87%
9/30/1959,53428,92000,0.17%
10/31/1959,53358,-70000,-0.13%
11/30/1959,53634,276000,0.52%
12/31/1959,54174,540000,1.01%
1/31/1960,54274,100000,0.18%
2/29/1960,54513,239000,0.44%
3/31/1960,54454,-59000,-0.11%
4/30/1960,54813,359000,0.66%
5/31/1960,54475,-338000,-0.62%
6/30/1960,54348,-127000,-0.23%
7/31/1960,54306,-42000,-0.08%
8/31/1960,54272,-34000,-0.06%
9/30/1960,54227,-45000,-0.08%
10/31/1960,54142,-85000,-0.16%
11/30/1960,53961,-181000,-0.33%
12/31/1960,53742,-219000,-0.41%
1/31/1961,53683,-59000,-0.11%
2/28/1961,53557,-126000,-0.23%
3/31/1961,53659,102000,0.19%
4/30/1961,53627,-32000,-0.06%
5/31/1961,53786,159000,0.30%
6/30/1961,53977,191000,0.36%
7/31/1961,54123,146000,0.27%
8/31/1961,54298,175000,0.32%
9/30/1961,54388,90000,0.17%
10/31/1961,54522,134000,0.25%
11/30/1961,54742,220000,0.40%
12/31/1961,54872,130000,0.24%
1/31/1962,54891,19000,0.03%
2/28/1962,55188,297000,0.54%
3/31/1962,55275,87000,0.16%
4/30/1962,55602,327000,0.59%
5/31/1962,55628,26000,0.05%
6/30/1962,55644,16000,0.03%
7/31/1962,55746,102000,0.18%
8/31/1962,55838,92000,0.17%
9/30/1962,55978,140000,0.25%
10/31/1962,56041,63000,0.11%
11/30/1962,56056,15000,0.03%
12/31/1962,56028,-28000,-0.05%
1/31/1963,56115,87000,0.16%
2/28/1963,56230,115000,0.20%
3/31/1963,56320,90000,0.16%
4/30/1963,56580,260000,0.46%
5/31/1963,56616,36000,0.06%
6/30/1963,56659,43000,0.08%
7/31/1963,56794,135000,0.24%
8/31/1963,56910,116000,0.20%
9/30/1963,57078,168000,0.30%
10/31/1963,57283,205000,0.36%
11/30/1963,57255,-28000,-0.05%
12/31/1963,57361,106000,0.19%
1/31/1964,57487,126000,0.22%
2/29/1964,57753,266000,0.46%
3/31/1964,57897,144000,0.25%
4/30/1964,57922,25000,0.04%
5/31/1964,58089,167000,0.29%
6/30/1964,58219,130000,0.22%
7/31/1964,58412,193000,0.33%
8/31/1964,58619,207000,0.35%
9/30/1964,58903,284000,0.48%
10/31/1964,58793,-110000,-0.19%
11/30/1964,59218,425000,0.72%
12/31/1964,59421,203000,0.34%
1/31/1965,59582,161000,0.27%
2/28/1965,59800,218000,0.37%
3/31/1965,60003,203000,0.34%
4/30/1965,60259,256000,0.43%
5/31/1965,60491,232000,0.39%
6/30/1965,60690,199000,0.33%
7/31/1965,60965,275000,0.45%
8/31/1965,61228,263000,0.43%
9/30/1965,61490,262000,0.43%
10/31/1965,61719,229000,0.37%
11/30/1965,61996,277000,0.45%
12/31/1965,62322,326000,0.53%
1/31/1966,62529,207000,0.33%
2/28/1966,62796,267000,0.43%
3/31/1966,63192,396000,0.63%
4/30/1966,63437,245000,0.39%
5/31/1966,63712,275000,0.43%
6/30/1966,64111,399000,0.63%
7/31/1966,64301,190000,0.30%
8/31/1966,64507,206000,0.32%
9/30/1966,64643,136000,0.21%
10/31/1966,64854,211000,0.33%
11/30/1966,65019,165000,0.25%
12/31/1966,65199,180000,0.28%
1/31/1967,65407,208000,0.32%
2/28/1967,65429,22000,0.03%
3/31/1967,65530,101000,0.15%
4/30/1967,65466,-64000,-0.10%
5/31/1967,65620,154000,0.24%
6/30/1967,65750,130000,0.20%
7/31/1967,65888,138000,0.21%
8/31/1967,66143,255000,0.39%
9/30/1967,66164,21000,0.03%
10/31/1967,66225,61000,0.09%
11/30/1967,66703,478000,0.72%
12/31/1967,66900,197000,0.30%
1/31/1968,66804,-96000,-0.14%
2/29/1968,67215,411000,0.62%
3/31/1968,67295,80000,0.12%
4/30/1968,67556,261000,0.39%
5/31/1968,67652,96000,0.14%
6/30/1968,67905,253000,0.37%
7/31/1968,68126,221000,0.33%
8/31/1968,68330,204000,0.30%
9/30/1968,68484,154000,0.23%
10/31/1968,68721,237000,0.35%
11/30/1968,68984,263000,0.38%
12/31/1968,69248,264000,0.38%
1/31/1969,69439,191000,0.28%
2/28/1969,69699,260000,0.37%
3/31/1969,69905,206000,0.30%
4/30/1969,70072,167000,0.24%
5/31/1969,70328,256000,0.37%
6/30/1969,70636,308000,0.44%
7/31/1969,70729,93000,0.13%
8/31/1969,71008,279000,0.39%
9/30/1969,70914,-94000,-0.13%
10/31/1969,71121,207000,0.29%
11/30/1969,71086,-35000,-0.05%
12/31/1969,71241,155000,0.22%
1/31/1970,71176,-65000,-0.09%
2/28/1970,71305,129000,0.18%
3/31/1970,71451,146000,0.20%
4/30/1970,71348,-103000,-0.14%
5/31/1970,71124,-224000,-0.31%
6/30/1970,71029,-95000,-0.13%
7/31/1970,71053,24000,0.03%
8/31/1970,70937,-116000,-0.16%
9/30/1970,70944,7000,0.01%
10/31/1970,70521,-423000,-0.60%
11/30/1970,70409,-112000,-0.16%
12/31/1970,70792,383000,0.54%
1/31/1971,70865,73000,0.10%
2/28/1971,70807,-58000,-0.08%
3/31/1971,70860,53000,0.07%
4/30/1971,71036,176000,0.25%
5/31/1971,71247,211000,0.30%
6/30/1971,71254,7000,0.01%
7/31/1971,71315,61000,0.09%
8/31/1971,71373,58000,0.08%
9/30/1971,71614,241000,0.34%
10/31/1971,71642,28000,0.04%
11/30/1971,71847,205000,0.29%
12/31/1971,72109,262000,0.36%
1/31/1972,72441,332000,0.46%
2/29/1972,72648,207000,0.29%
3/31/1972,72944,296000,0.41%
4/30/1972,73162,218000,0.30%
5/31/1972,73469,307000,0.42%
6/30/1972,73758,289000,0.39%
7/31/1972,73709,-49000,-0.07%
8/31/1972,74141,432000,0.59%
9/30/1972,74264,123000,0.17%
10/31/1972,74674,410000,0.55%
11/30/1972,74973,299000,0.40%
12/31/1972,75268,295000,0.39%
1/31/1973,75617,349000,0.46%
2/28/1973,76014,397000,0.53%
3/31/1973,76284,270000,0.36%
4/30/1973,76455,171000,0.22%
5/31/1973,76648,193000,0.25%
6/30/1973,76887,239000,0.31%
7/31/1973,76913,26000,0.03%
8/31/1973,77168,255000,0.33%
9/30/1973,77276,108000,0.14%
10/31/1973,77607,331000,0.43%
11/30/1973,77920,313000,0.40%
12/31/1973,78031,111000,0.14%
1/31/1974,78100,69000,0.09%
2/28/1974,78254,154000,0.20%
3/31/1974,78296,42000,0.05%
4/30/1974,78382,86000,0.11%
5/31/1974,78549,167000,0.21%
6/30/1974,78604,55000,0.07%
7/31/1974,78636,32000,0.04%
8/31/1974,78619,-17000,-0.02%
9/30/1974,78610,-9000,-0.01%
10/31/1974,78630,20000,0.03%
11/30/1974,78265,-365000,-0.46%
12/31/1974,77652,-613000,-0.78%
1/31/1975,77293,-359000,-0.46%
2/28/1975,76918,-375000,-0.49%
3/31/1975,76648,-270000,-0.35%
4/30/1975,76460,-188000,-0.25%
5/31/1975,76624,164000,0.21%
6/30/1975,76521,-103000,-0.13%
7/31/1975,76770,249000,0.33%
8/31/1975,77153,383000,0.50%
9/30/1975,77228,75000,0.10%
10/31/1975,77540,312000,0.40%
11/30/1975,77685,145000,0.19%
12/31/1975,78017,332000,0.43%
1/31/1976,78503,486000,0.62%
2/29/1976,78816,313000,0.40%
3/31/1976,79048,232000,0.29%
4/30/1976,79292,244000,0.31%
5/31/1976,79312,20000,0.03%
6/30/1976,79376,64000,0.08%
7/31/1976,79547,171000,0.22%
8/31/1976,79704,157000,0.20%
9/30/1976,79892,188000,0.24%
10/31/1976,79911,19000,0.02%
11/30/1976,80240,329000,0.41%
12/31/1976,80448,208000,0.26%
1/31/1977,80690,242000,0.30%
2/28/1977,80988,298000,0.37%
3/31/1977,81391,403000,0.50%
4/30/1977,81728,337000,0.41%
5/31/1977,82088,360000,0.44%
6/30/1977,82488,400000,0.49%
7/31/1977,82834,346000,0.42%
8/31/1977,83075,241000,0.29%
9/30/1977,83532,457000,0.55%
10/31/1977,83800,268000,0.32%
11/30/1977,84173,373000,0.45%
12/31/1977,84410,237000,0.28%
1/31/1978,84594,184000,0.22%
2/28/1978,84948,354000,0.42%
3/31/1978,85460,512000,0.60%
4/30/1978,86162,702000,0.82%
5/31/1978,86509,347000,0.40%
6/30/1978,86950,441000,0.51%
7/31/1978,87204,254000,0.29%
8/31/1978,87483,279000,0.32%
9/30/1978,87621,138000,0.16%
10/31/1978,87956,335000,0.38%
11/30/1978,88391,435000,0.49%
12/31/1978,88671,280000,0.32%
1/31/1979,88808,137000,0.15%
2/28/1979,89055,247000,0.28%
3/31/1979,89479,424000,0.48%
4/30/1979,89417,-62000,-0.07%
5/31/1979,89789,372000,0.42%
6/30/1979,90108,319000,0.36%
7/31/1979,90217,109000,0.12%
8/31/1979,90300,83000,0.09%
9/30/1979,90327,27000,0.03%
10/31/1979,90481,154000,0.17%
11/30/1979,90573,92000,0.10%
12/31/1979,90672,99000,0.11%
1/31/1980,90800,128000,0.14%
2/29/1980,90883,83000,0.09%
3/31/1980,90994,111000,0.12%
4/30/1980,90849,-145000,-0.16%
5/31/1980,90420,-429000,-0.47%
6/30/1980,90101,-319000,-0.35%
7/31/1980,89840,-261000,-0.29%
8/31/1980,90099,259000,0.29%
9/30/1980,90213,114000,0.13%
10/31/1980,90490,277000,0.31%
11/30/1980,90747,257000,0.28%
12/31/1980,90943,196000,0.22%
1/31/1981,91033,90000,0.10%
2/28/1981,91105,72000,0.08%
3/31/1981,91210,105000,0.12%
4/30/1981,91283,73000,0.08%
5/31/1981,91296,13000,0.01%
6/30/1981,91490,194000,0.21%
7/31/1981,91601,111000,0.12%
8/31/1981,91565,-36000,-0.04%
9/30/1981,91477,-88000,-0.10%
10/31/1981,91380,-97000,-0.11%
11/30/1981,91171,-209000,-0.23%
12/31/1981,90895,-276000,-0.30%
1/31/1982,90565,-330000,-0.36%
2/28/1982,90563,-2000,0.00%
3/31/1982,90434,-129000,-0.14%
4/30/1982,90150,-284000,-0.31%
5/31/1982,90107,-43000,-0.05%
6/30/1982,89865,-242000,-0.27%
7/31/1982,89521,-344000,-0.38%
8/31/1982,89363,-158000,-0.18%
9/30/1982,89183,-180000,-0.20%
10/31/1982,88907,-276000,-0.31%
11/30/1982,88786,-121000,-0.14%
12/31/1982,88771,-15000,-0.02%
1/31/1983,88990,219000,0.25%
2/28/1983,88917,-73000,-0.08%
3/31/1983,89090,173000,0.19%
4/30/1983,89364,274000,0.31%
5/31/1983,89644,280000,0.31%
6/30/1983,90021,377000,0.42%
7/31/1983,90437,416000,0.46%
8/31/1983,90129,-308000,-0.34%
9/30/1983,91247,1118000,1.24%
10/31/1983,91520,273000,0.30%
11/30/1983,91875,355000,0.39%
12/31/1983,92230,355000,0.39%
1/31/1984,92673,443000,0.48%
2/29/1984,93157,484000,0.52%
3/31/1984,93429,272000,0.29%
4/30/1984,93792,363000,0.39%
5/31/1984,94098,306000,0.33%
6/30/1984,94479,381000,0.40%
7/31/1984,94789,310000,0.33%
8/31/1984,95032,243000,0.26%
9/30/1984,95344,312000,0.33%
10/31/1984,95629,285000,0.30%
11/30/1984,95982,353000,0.37%
12/31/1984,96107,125000,0.13%
1/31/1985,96372,265000,0.28%
2/28/1985,96503,131000,0.14%
3/31/1985,96842,339000,0.35%
4/30/1985,97038,196000,0.20%
5/31/1985,97312,274000,0.28%
6/30/1985,97459,147000,0.15%
7/31/1985,97648,189000,0.19%
8/31/1985,97840,192000,0.20%
9/30/1985,98045,205000,0.21%
10/31/1985,98233,188000,0.19%
11/30/1985,98443,210000,0.21%
12/31/1985,98609,166000,0.17%
1/31/1986,98732,123000,0.12%
2/28/1986,98847,115000,0.12%
3/31/1986,98934,87000,0.09%
4/30/1986,99121,187000,0.19%
5/31/1986,99248,127000,0.13%
6/30/1986,99155,-93000,-0.09%
7/31/1986,99473,318000,0.32%
8/31/1986,99588,115000,0.12%
9/30/1986,99934,346000,0.35%
10/31/1986,100121,187000,0.19%
11/30/1986,100308,187000,0.19%
12/31/1986,100509,201000,0.20%
1/31/1987,100678,169000,0.17%
2/28/1987,100919,241000,0.24%
3/31/1987,101164,245000,0.24%
4/30/1987,101499,335000,0.33%
5/31/1987,101728,229000,0.23%
6/30/1987,101900,172000,0.17%
7/31/1987,102247,347000,0.34%
8/31/1987,102420,173000,0.17%
9/30/1987,102647,227000,0.22%
10/31/1987,103138,491000,0.48%
11/30/1987,103372,234000,0.23%
12/31/1987,103661,289000,0.28%
1/31/1988,103753,92000,0.09%
2/29/1988,104214,461000,0.44%
3/31/1988,104489,275000,0.26%
4/30/1988,104732,243000,0.23%
5/31/1988,104962,230000,0.22%
6/30/1988,105326,364000,0.35%
7/31/1988,105550,224000,0.21%
8/31/1988,105674,124000,0.12%
9/30/1988,106013,339000,0.32%
10/31/1988,106276,263000,0.25%
11/30/1988,106617,341000,0.32%
12/31/1988,106898,281000,0.26%
1/31/1989,107161,263000,0.25%
2/28/1989,107427,266000,0.25%
3/31/1989,107621,194000,0.18%
4/30/1989,107791,170000,0.16%
5/31/1989,107913,122000,0.11%
6/30/1989,108027,114000,0.11%
7/31/1989,108069,42000,0.04%
8/31/1989,108120,51000,0.05%
9/30/1989,108369,249000,0.23%
10/31/1989,108476,107000,0.10%
11/30/1989,108752,276000,0.25%
12/31/1989,108836,84000,0.08%
1/31/1990,109199,363000,0.33%
2/28/1990,109435,236000,0.22%
3/31/1990,109644,209000,0.19%
4/30/1990,109686,42000,0.04%
5/31/1990,109839,153000,0.14%
6/30/1990,109856,17000,0.02%
7/31/1990,109824,-32000,-0.03%
8/31/1990,109616,-208000,-0.19%
9/30/1990,109518,-98000,-0.09%
10/31/1990,109367,-151000,-0.14%
11/30/1990,109214,-153000,-0.14%
12/31/1990,109166,-48000,-0.04%
1/31/1991,109055,-111000,-0.10%
2/28/1991,108734,-321000,-0.29%
3/31/1991,108574,-160000,-0.15%
4/30/1991,108364,-210000,-0.19%
5/31/1991,108249,-115000,-0.11%
6/30/1991,108334,85000,0.08%
7/31/1991,108292,-42000,-0.04%
8/31/1991,108310,18000,0.02%
9/30/1991,108336,26000,0.02%
10/31/1991,108357,21000,0.02%
11/30/1991,108296,-61000,-0.06%
12/31/1991,108328,32000,0.03%
1/31/1992,108369,41000,0.04%
2/29/1992,108311,-58000,-0.05%
3/31/1992,108365,54000,0.05%
4/30/1992,108519,154000,0.14%
5/31/1992,108649,130000,0.12%
6/30/1992,108715,66000,0.06%
7/31/1992,108793,78000,0.07%
8/31/1992,108925,132000,0.12%
9/30/1992,108959,34000,0.03%
10/31/1992,109139,180000,0.17%
11/30/1992,109272,133000,0.12%
12/31/1992,109495,223000,0.20%
1/31/1993,109794,299000,0.27%
2/28/1993,110044,250000,0.23%
3/31/1993,109994,-50000,-0.05%
4/30/1993,110296,302000,0.27%
5/31/1993,110568,272000,0.25%
6/30/1993,110749,181000,0.16%
7/31/1993,111055,306000,0.28%
8/31/1993,111206,151000,0.14%
9/30/1993,111448,242000,0.22%
10/31/1993,111733,285000,0.26%
11/30/1993,111984,251000,0.22%
12/31/1993,112314,330000,0.29%
1/31/1994,112595,281000,0.25%
2/28/1994,112781,186000,0.17%
3/31/1994,113242,461000,0.41%
4/30/1994,113586,344000,0.30%
5/31/1994,113921,335000,0.29%
6/30/1994,114238,317000,0.28%
7/31/1994,114610,372000,0.33%
8/31/1994,114896,286000,0.25%
9/30/1994,115247,351000,0.31%
10/31/1994,115458,211000,0.18%
11/30/1994,115869,411000,0.36%
12/31/1994,116165,296000,0.26%
1/31/1995,116501,336000,0.29%
2/28/1995,116697,196000,0.17%
3/31/1995,116907,210000,0.18%
4/30/1995,117069,162000,0.14%
5/31/1995,117049,-20000,-0.02%
6/30/1995,117286,237000,0.20%
7/31/1995,117380,94000,0.08%
8/31/1995,117634,254000,0.22%
9/30/1995,117875,241000,0.20%
10/31/1995,118031,156000,0.13%
11/30/1995,118175,144000,0.12%
12/31/1995,118320,145000,0.12%
1/31/1996,118316,-4000,0.00%
2/29/1996,118739,423000,0.36%
3/31/1996,118993,254000,0.21%
4/30/1996,119158,165000,0.14%
5/31/1996,119486,328000,0.28%
6/30/1996,119769,283000,0.24%
7/31/1996,120015,246000,0.21%
8/31/1996,120199,184000,0.15%
9/30/1996,120410,211000,0.18%
10/31/1996,120665,255000,0.21%
11/30/1996,120961,296000,0.25%
12/31/1996,121143,182000,0.15%
1/31/1997,121363,220000,0.18%
2/28/1997,121675,312000,0.26%
3/31/1997,121990,315000,0.26%
4/30/1997,122286,296000,0.24%
5/31/1997,122546,260000,0.21%
6/30/1997,122814,268000,0.22%
7/31/1997,123111,297000,0.24%
8/31/1997,123093,-18000,-0.01%
9/30/1997,123585,492000,0.40%
10/31/1997,123929,344000,0.28%
11/30/1997,124235,306000,0.25%
12/31/1997,124549,314000,0.25%
1/31/1998,124812,263000,0.21%
2/28/1998,125016,204000,0.16%
3/31/1998,125164,148000,0.12%
4/30/1998,125442,278000,0.22%
5/31/1998,125844,402000,0.32%
6/30/1998,126076,232000,0.18%
7/31/1998,126205,129000,0.10%
8/31/1998,126544,339000,0.27%
9/30/1998,126752,208000,0.16%
10/31/1998,126954,202000,0.16%
11/30/1998,127231,277000,0.22%
12/31/1998,127596,365000,0.29%
1/31/1999,127702,106000,0.08%
2/28/1999,128120,418000,0.33%
3/31/1999,128227,107000,0.08%
4/30/1999,128597,370000,0.29%
5/31/1999,128808,211000,0.16%
6/30/1999,129089,281000,0.22%
7/31/1999,129414,325000,0.25%
8/31/1999,129569,155000,0.12%
9/30/1999,129772,203000,0.16%
10/31/1999,130177,405000,0.31%
11/30/1999,130466,289000,0.22%
12/31/1999,130772,306000,0.23%
1/31/2000,131005,233000,0.18%
2/29/2000,131124,119000,0.09%
3/31/2000,131596,472000,0.36%
4/30/2000,131888,292000,0.22%
5/31/2000,132105,217000,0.16%
6/30/2000,132061,-44000,-0.03%
7/31/2000,132236,175000,0.13%
8/31/2000,132230,-6000,0.00%
9/30/2000,132353,123000,0.09%
10/31/2000,132351,-2000,0.00%
11/30/2000,132556,205000,0.15%
12/31/2000,132709,153000,0.12%
1/31/2001,132698,-11000,-0.01%
2/28/2001,132789,91000,0.07%
3/31/2001,132747,-42000,-0.03%
4/30/2001,132463,-284000,-0.21%
5/31/2001,132410,-53000,-0.04%
6/30/2001,132299,-111000,-0.08%
7/31/2001,132177,-122000,-0.09%
8/31/2001,132028,-149000,-0.11%
9/30/2001,131771,-257000,-0.19%
10/31/2001,131454,-317000,-0.24%
11/30/2001,131142,-312000,-0.24%
12/31/2001,130982,-160000,-0.12%
1/31/2002,130852,-130000,-0.10%
2/28/2002,130736,-116000,-0.09%
3/31/2002,130717,-19000,-0.01%
4/30/2002,130623,-94000,-0.07%
5/31/2002,130634,11000,0.01%
6/30/2002,130684,50000,0.04%
7/31/2002,130590,-94000,-0.07%
8/31/2002,130587,-3000,0.00%
9/30/2002,130501,-86000,-0.07%
10/31/2002,130628,127000,0.10%
11/30/2002,130615,-13000,-0.01%
12/31/2002,130472,-143000,-0.11%
1/31/2003,130580,108000,0.08%
2/28/2003,130444,-136000,-0.10%
3/31/2003,130232,-212000,-0.16%
4/30/2003,130177,-55000,-0.04%
5/31/2003,130196,19000,0.01%
6/30/2003,130194,-2000,0.00%
7/31/2003,130191,-3000,0.00%
8/31/2003,130149,-42000,-0.03%
9/30/2003,130254,105000,0.08%
10/31/2003,130454,200000,0.15%
11/30/2003,130474,20000,0.02%
12/31/2003,130588,114000,0.09%
1/31/2004,130769,181000,0.14%
2/29/2004,130825,56000,0.04%
3/31/2004,131142,317000,0.24%
4/30/2004,131411,269000,0.21%
5/31/2004,131694,283000,0.22%
6/30/2004,131793,99000,0.08%
7/31/2004,131848,55000,0.04%
8/31/2004,131937,89000,0.07%
9/30/2004,132093,156000,0.12%
10/31/2004,132447,354000,0.27%
11/30/2004,132503,56000,0.04%
12/31/2004,132624,121000,0.09%
1/31/2005,132774,150000,0.11%
2/28/2005,133032,258000,0.19%
3/31/2005,133156,124000,0.09%
4/30/2005,133518,362000,0.27%
5/31/2005,133690,172000,0.13%
6/30/2005,133942,252000,0.19%
7/31/2005,134296,354000,0.26%
8/31/2005,134498,202000,0.15%
9/30/2005,134566,68000,0.05%
10/31/2005,134655,89000,0.07%
11/30/2005,134993,338000,0.25%
12/31/2005,135149,156000,0.12%
1/31/2006,135429,280000,0.21%
2/28/2006,135737,308000,0.23%
3/31/2006,136047,310000,0.23%
4/30/2006,136205,158000,0.12%
5/31/2006,136244,39000,0.03%
6/30/2006,136325,81000,0.06%
7/31/2006,136520,195000,0.14%
8/31/2006,136694,174000,0.13%
9/30/2006,136843,149000,0.11%
10/31/2006,136852,9000,0.01%
11/30/2006,137063,211000,0.15%
12/31/2006,137249,186000,0.14%
1/31/2007,137477,228000,0.17%
2/28/2007,137558,81000,0.06%
3/31/2007,137793,235000,0.17%
4/30/2007,137842,49000,0.04%
5/31/2007,137993,151000,0.11%
6/30/2007,138069,76000,0.06%
7/31/2007,138038,-31000,-0.02%
8/31/2007,138015,-23000,-0.02%
9/30/2007,138095,80000,0.06%
10/31/2007,138174,79000,0.06%
11/30/2007,138284,110000,0.08%
12/31/2007,138392,108000,0.08%
1/31/2008,138403,11000,0.01%
2/29/2008,138324,-79000,-0.06%
3/31/2008,138275,-49000,-0.04%
4/30/2008,138035,-240000,-0.17%
5/31/2008,137858,-177000,-0.13%
6/30/2008,137687,-171000,-0.12%
7/31/2008,137491,-196000,-0.14%
8/31/2008,137213,-278000,-0.20%
9/30/2008,136753,-460000,-0.34%
10/31/2008,136272,-481000,-0.35%
11/30/2008,135545,-727000,-0.53%
12/31/2008,134839,-706000,-0.52%
1/31/2009,134055,-784000,-0.58%
2/28/2009,133312,-743000,-0.55%
3/31/2009,132512,-800000,-0.60%
4/30/2009,131817,-695000,-0.52%
5/31/2009,131475,-342000,-0.26%
6/30/2009,131008,-467000,-0.36%
7/31/2009,130668,-340000,-0.26%
8/31/2009,130485,-183000,-0.14%
9/30/2009,130244,-241000,-0.18%
10/31/2009,130045,-199000,-0.15%
11/30/2009,130057,12000,0.01%
12/31/2009,129788,-269000,-0.21%
1/31/2010,129790,2000,0.00%
2/28/2010,129698,-92000,-0.07%
3/31/2010,129879,181000,0.14%
4/30/2010,130110,231000,0.18%
5/31/2010,130650,540000,0.42%
6/30/2010,130511,-139000,-0.11%
7/31/2010,130427,-84000,-0.06%
8/31/2010,130422,-5000,0.00%
9/30/2010,130357,-65000,-0.05%
10/31/2010,130625,268000,0.21%
11/30/2010,130750,125000,0.10%
12/31/2010,130822,72000,0.06%
1/31/2011,130841,19000,0.01%
2/28/2011,131053,212000,0.16%
3/31/2011,131288,235000,0.18%
4/30/2011,131602,314000,0.24%
5/31/2011,131703,101000,0.08%
6/30/2011,131939,236000,0.18%
7/31/2011,131999,60000,0.05%
8/31/2011,132125,126000,0.10%
9/30/2011,132358,233000,0.18%
10/31/2011,132562,204000,0.15%
11/30/2011,132694,132000,0.10%
12/31/2011,132896,202000,0.15%
1/31/2012,133250,354000,0.27%
2/29/2012,133512,262000,0.20%
3/31/2012,133752,240000,0.18%
4/30/2012,133834,82000,0.06%
5/31/2012,133934,100000,0.07%
6/30/2012,134007,73000,0.05%
7/31/2012,134159,152000,0.11%
8/31/2012,134331,172000,0.13%
9/30/2012,134518,187000,0.14%
10/31/2012,134677,159000,0.12%
11/30/2012,134833,156000,0.12%
12/31/2012,135072,239000,0.18%
1/31/2013,135263,191000,0.14%
2/28/2013,135541,278000,0.21%
3/31/2013,135680,139000,0.10%
4/30/2013,135871,191000,0.14%
5/31/2013,136093,222000,0.16%
6/30/2013,136274,181000,0.13%
7/31/2013,136386,112000,0.08%
8/31/2013,136628,242000,0.18%
9/30/2013,136815,187000,0.14%
10/31/2013,137040,225000,0.16%
11/30/2013,137304,264000,0.19%
12/31/2013,137373,69000,0.05%
1/31/2014,137548,175000,0.13%
2/28/2014,137714,166000,0.12%
3/31/2014,137968,254000,0.18%
4/30/2014,138293,325000,0.24%
5/31/2014,138511,218000,0.16%
6/30/2014,138837,326000,0.24%
7/31/2014,139069,232000,0.17%
8/31/2014,139257,188000,0.14%
9/30/2014,139566,309000,0.22%
10/31/2014,139818,252000,0.18%
11/30/2014,140109,291000,0.21%
12/31/2014,140377,268000,0.19%
1/31/2015,140568,191000,0.14%
2/28/2015,140839,271000,0.19%
3/31/2015,140910,71000,0.05%
4/30/2015,141194,284000,0.20%
5/31/2015,141525,331000,0.23%
6/30/2015,141699,174000,0.12%
7/31/2015,142001,302000,0.21%
8/31/2015,142126,125000,0.09%
9/30/2015,142281,155000,0.11%
10/31/2015,142587,306000,0.22%
11/30/2015,142824,237000,0.17%
12/31/2015,143097,273000,0.19%
1/31/2016,143170,73000,0.05%
2/29/2016,143433,263000,0.18%
3/31/2016,143662,229000,0.16%
4/30/2016,143849,187000,0.13%
5/31/2016,143891,42000,0.03%
6/30/2016,144158,267000,0.19%
7/31/2016,144512,354000,0.25%
8/31/2016,144647,135000,0.09%
9/30/2016,144916,269000,0.19%
10/31/2016,145061,145000,0.10%
11/30/2016,145212,151000,0.10%
12/31/2016,145442,230000,0.16%
1/31/2017,145627,185000,0.13%
2/28/2017,145815,188000,0.13%
3/31/2017,145944,129000,0.09%
4/30/2017,146141,197000,0.13%
5/31/2017,146296,155000,0.11%
6/30/2017,146512,216000,0.15%
7/31/2017,146727,215000,0.15%
8/31/2017,146911,184000,0.13%
9/30/2017,146929,18000,0.01%
10/31/2017,147196,267000,0.18%
11/30/2017,147421,225000,0.15%
12/31/2017,147551,130000,0.09%
1/31/2018,147672,121000,0.08%
2/28/2018,148078,406000,0.27%
3/31/2018,148254,176000,0.12%
4/30/2018,148391,137000,0.09%
5/31/2018,148669,278000,0.19%
6/30/2018,148888,219000,0.15%
7/31/2018,149024,136000,0.09%
8/31/2018,149268,244000,0.16%
9/30/2018,149348,80000,0.05%
10/31/2018,149549,201000,0.13%
11/30/2018,149683,134000,0.09%
12/31/2018,149865,182000,0.12%
1/31/2019,150134,269000,0.18%
2/28/2019,150135,1000,0.00%
3/31/2019,150282,147000,0.10%
4/30/2019,150492,210000,0.14%
5/31/2019,150577,85000,0.06%
6/30/2019,150759,182000,0.12%
7/31/2019,150953,194000,0.13%
8/31/2019,151160,207000,0.14%
9/30/2019,151368,208000,0.14%
10/31/2019,151553,185000,0.12%
11/30/2019,151814,261000,0.17%
12/31/2019,151998,184000,0.12%
1/31/2020,152212,214000,0.14%
2/29/2020,152463,251000,0.16%
3/31/2020,151090,-1373000,-0.90%
4/30/2020,130303,-20787000,-13.76%
5/31/2020,133002,2699000,2.07%
6/30/2020,137802,4800000,3.61%
