DATE,M2,Change,% Change,Annualised change
1/5/1981,1596.6,,,
1/12/1981,1600.1,3.5,0.219%,11.399%
1/19/1981,1606.8,6.7,0.419%,21.774%
1/26/1981,1609.4,2.6,0.162%,8.414%
2/2/1981,1608.6,-0.8,-0.050%,-2.585%
2/9/1981,1614,5.4,0.336%,17.456%
2/16/1981,1618.9,4.9,0.304%,15.787%
2/23/1981,1623.3,4.4,0.272%,14.133%
3/2/1981,1626.1,2.8,0.172%,8.969%
3/9/1981,1630.5,4.4,0.271%,14.070%
3/16/1981,1636.2,5.7,0.350%,18.178%
3/23/1981,1640.8,4.6,0.281%,14.619%
3/30/1981,1646.7,5.9,0.360%,18.698%
4/6/1981,1652.3,5.6,0.340%,17.684%
4/13/1981,1658.4,6.1,0.369%,19.197%
4/20/1981,1663.4,5,0.301%,15.678%
4/27/1981,1664.1,0.7,0.042%,2.188%
5/4/1981,1663.9,-0.2,-0.012%,-0.625%
5/11/1981,1663.8,-0.1,-0.006%,-0.313%
5/18/1981,1662.6,-1.2,-0.072%,-3.750%
5/25/1981,1663.3,0.7,0.042%,2.189%
6/1/1981,1666.1,2.8,0.168%,8.754%
6/8/1981,1666.4,0.3,0.018%,0.936%
6/15/1981,1669.8,3.4,0.204%,10.610%
6/22/1981,1672.8,3,0.180%,9.342%
6/29/1981,1671.9,-0.9,-0.054%,-2.798%
7/6/1981,1678.2,6.3,0.377%,19.594%
7/13/1981,1677.9,-0.3,-0.018%,-0.930%
7/20/1981,1683.5,5.6,0.334%,17.355%
7/27/1981,1685.8,2.3,0.137%,7.104%
8/3/1981,1688.2,2.4,0.142%,7.403%
8/10/1981,1694,5.8,0.344%,17.865%
8/17/1981,1695.2,1.2,0.071%,3.684%
8/24/1981,1697.6,2.4,0.142%,7.362%
8/31/1981,1701.2,3.6,0.212%,11.027%
9/7/1981,1702.3,1.1,0.065%,3.362%
9/14/1981,1707.5,5.2,0.305%,15.884%
9/21/1981,1708.3,0.8,0.047%,2.436%
9/28/1981,1707.8,-0.5,-0.029%,-1.522%
10/5/1981,1714,6.2,0.363%,18.878%
10/12/1981,1719.6,5.6,0.327%,16.989%
10/19/1981,1722.9,3.3,0.192%,9.979%
10/26/1981,1725.3,2.4,0.139%,7.244%
11/2/1981,1727.6,2.3,0.133%,6.932%
11/9/1981,1732.2,4.6,0.266%,13.846%
11/16/1981,1736.2,4,0.231%,12.008%
11/23/1981,1736.6,0.4,0.023%,1.198%
11/30/1981,1743.5,6.9,0.397%,20.661%
12/7/1981,1749.2,5.7,0.327%,17.000%
12/14/1981,1751.5,2.3,0.131%,6.837%
12/21/1981,1755.1,3.6,0.206%,10.688%
12/28/1981,1753.7,-1.4,-0.080%,-4.148%
1/4/1982,1756.5,2.8,0.160%,8.302%
1/11/1982,1761.8,5.3,0.302%,15.690%
1/18/1982,1766.6,4.8,0.272%,14.167%
1/25/1982,1769.5,2.9,0.164%,8.536%
2/1/1982,1773.1,3.6,0.203%,10.579%
2/8/1982,1771.4,-1.7,-0.096%,-4.986%
2/15/1982,1774.3,2.9,0.164%,8.513%
2/22/1982,1775.4,1.1,0.062%,3.224%
3/1/1982,1778.4,3,0.169%,8.787%
3/8/1982,1781.6,3.2,0.180%,9.357%
3/15/1982,1786.2,4.6,0.258%,13.426%
3/22/1982,1789.3,3.1,0.174%,9.025%
3/29/1982,1793.7,4.4,0.246%,12.787%
4/5/1982,1800,6.3,0.351%,18.264%
4/12/1982,1805.2,5.2,0.289%,15.022%
4/19/1982,1806.7,1.5,0.083%,4.321%
4/26/1982,1806.7,0,0.000%,0.000%
5/3/1982,1805.7,-1,-0.055%,-2.878%
5/10/1982,1809.7,4,0.222%,11.519%
5/17/1982,1812.1,2.4,0.133%,6.896%
5/24/1982,1816.5,4.4,0.243%,12.626%
5/31/1982,1821,4.5,0.248%,12.882%
6/7/1982,1823,2,0.110%,5.711%
6/14/1982,1826,3,0.165%,8.557%
6/21/1982,1826.5,0.5,0.027%,1.424%
6/28/1982,1824.6,-1.9,-0.104%,-5.409%
7/5/1982,1827.5,2.9,0.159%,8.265%
7/12/1982,1828.7,1.2,0.066%,3.415%
7/19/1982,1830.4,1.7,0.093%,4.834%
7/26/1982,1834.2,3.8,0.208%,10.795%
8/2/1982,1837,2.8,0.153%,7.938%
8/9/1982,1841.1,4.1,0.223%,11.606%
8/16/1982,1846.1,5,0.272%,14.122%
8/23/1982,1849.9,3.8,0.206%,10.704%
8/30/1982,1853.4,3.5,0.189%,9.838%
9/6/1982,1855.9,2.5,0.135%,7.014%
9/13/1982,1859.2,3.3,0.178%,9.246%
9/20/1982,1861.2,2,0.108%,5.594%
9/27/1982,1860.1,-1.1,-0.059%,-3.073%
10/4/1982,1863.9,3.8,0.204%,10.623%
10/11/1982,1865.5,1.6,0.086%,4.464%
10/18/1982,1869.3,3.8,0.204%,10.592%
10/25/1982,1873.4,4.1,0.219%,11.405%
11/1/1982,1878.8,5.4,0.288%,14.989%
11/8/1982,1881.4,2.6,0.138%,7.196%
11/15/1982,1885,3.6,0.191%,9.950%
11/22/1982,1887.6,2.6,0.138%,7.172%
11/29/1982,1888.5,0.9,0.048%,2.479%
12/6/1982,1891.7,3.2,0.169%,8.811%
12/13/1982,1892.3,0.6,0.032%,1.649%
12/20/1982,1909.9,17.6,0.930%,48.364%
12/27/1982,1917.5,7.6,0.398%,20.692%
1/3/1983,1927,9.5,0.495%,25.763%
1/10/1983,1943.2,16.2,0.841%,43.716%
1/17/1983,1955.6,12.4,0.638%,33.182%
1/24/1983,1965.3,9.7,0.496%,25.793%
1/31/1983,1976,10.7,0.544%,28.311%
2/7/1983,1986.5,10.5,0.531%,27.632%
2/14/1983,1993.1,6.6,0.332%,17.277%
2/21/1983,1998.4,5.3,0.266%,13.828%
2/28/1983,2005,6.6,0.330%,17.174%
3/7/1983,2009.8,4.8,0.239%,12.449%
3/14/1983,2010.7,0.9,0.045%,2.329%
3/21/1983,2015.1,4.4,0.219%,11.379%
3/28/1983,2018.2,3.1,0.154%,8.000%
4/4/1983,2023.1,4.9,0.243%,12.625%
4/11/1983,2025.1,2,0.099%,5.141%
4/18/1983,2024.5,-0.6,-0.030%,-1.541%
4/25/1983,2028.1,3.6,0.178%,9.247%
5/2/1983,2036.3,8.2,0.404%,21.025%
5/9/1983,2037.4,1.1,0.054%,2.809%
5/16/1983,2041.4,4,0.196%,10.209%
5/23/1983,2042.5,1.1,0.054%,2.802%
5/30/1983,2044.8,2.3,0.113%,5.856%
6/6/1983,2049.1,4.3,0.210%,10.935%
6/13/1983,2052.6,3.5,0.171%,8.882%
6/20/1983,2052.6,0,0.000%,0.000%
6/27/1983,2054.5,1.9,0.093%,4.813%
7/4/1983,2060.3,5.8,0.282%,14.680%
7/11/1983,2065.1,4.8,0.233%,12.115%
7/18/1983,2065.3,0.2,0.010%,0.504%
7/25/1983,2068.3,3,0.145%,7.553%
8/1/1983,2070.8,2.5,0.121%,6.285%
8/8/1983,2069.7,-1.1,-0.053%,-2.762%
8/15/1983,2072.1,2.4,0.116%,6.030%
8/22/1983,2072.9,0.8,0.039%,2.008%
8/29/1983,2073.5,0.6,0.029%,1.505%
9/5/1983,2077.2,3.7,0.178%,9.279%
9/12/1983,2077.3,0.1,0.005%,0.250%
9/19/1983,2079.2,1.9,0.091%,4.756%
9/26/1983,2084,4.8,0.231%,12.005%
10/3/1983,2087,3,0.144%,7.486%
10/10/1983,2093.1,6.1,0.292%,15.199%
10/17/1983,2095.5,2.4,0.115%,5.962%
10/24/1983,2099.6,4.1,0.196%,10.174%
10/31/1983,2102.9,3.3,0.157%,8.173%
11/7/1983,2102.8,-0.1,-0.005%,-0.247%
11/14/1983,2104.2,1.4,0.067%,3.462%
11/21/1983,2105.1,0.9,0.043%,2.224%
11/28/1983,2107.8,2.7,0.128%,6.670%
12/5/1983,2112.9,5.1,0.242%,12.582%
12/12/1983,2117.7,4.8,0.227%,11.813%
12/19/1983,2121.1,3.4,0.161%,8.349%
12/26/1983,2122.6,1.5,0.071%,3.677%
1/2/1984,2127.6,5,0.236%,12.249%
1/9/1984,2133.4,5.8,0.273%,14.176%
1/16/1984,2137.7,4.3,0.202%,10.481%
1/23/1984,2140,2.3,0.108%,5.595%
1/30/1984,2140.7,0.7,0.033%,1.701%
2/6/1984,2152.1,11.4,0.533%,27.692%
2/13/1984,2164.5,12.4,0.576%,29.961%
2/20/1984,2137.7,-26.8,-1.238%,-64.384%
2/27/1984,2129.2,-8.5,-0.398%,-20.676%
3/5/1984,2147.7,18.5,0.869%,45.181%
3/12/1984,2166.7,19,0.885%,46.003%
3/19/1984,2181.2,14.5,0.669%,34.799%
3/26/1984,2190.8,9.6,0.440%,22.886%
4/2/1984,2192.6,1.8,0.082%,4.272%
4/9/1984,2191.8,-0.8,-0.036%,-1.897%
4/16/1984,2192.8,1,0.046%,2.372%
4/23/1984,2194,1.2,0.055%,2.846%
4/30/1984,2194.7,0.7,0.032%,1.659%
5/7/1984,2199,4.3,0.196%,10.188%
5/14/1984,2204.9,5.9,0.268%,13.952%
5/21/1984,2207.9,3,0.136%,7.075%
5/28/1984,2209.3,1.4,0.063%,3.297%
6/4/1984,2214.2,4.9,0.222%,11.533%
6/11/1984,2216.8,2.6,0.117%,6.106%
6/18/1984,2218,1.2,0.054%,2.815%
6/25/1984,2220.9,2.9,0.131%,6.799%
7/2/1984,2224.6,3.7,0.167%,8.663%
7/9/1984,2224.5,-0.1,-0.004%,-0.234%
7/16/1984,2228.8,4.3,0.193%,10.052%
7/23/1984,2229.7,0.9,0.040%,2.100%
7/30/1984,2229.3,-0.4,-0.018%,-0.933%
8/6/1984,2230.6,1.3,0.058%,3.032%
8/13/1984,2230.6,0,0.000%,0.000%
8/20/1984,2232.1,1.5,0.067%,3.497%
8/27/1984,2233.5,1.4,0.063%,3.262%
9/3/1984,2236.4,2.9,0.130%,6.752%
9/10/1984,2241.1,4.7,0.210%,10.928%
9/17/1984,2244,2.9,0.129%,6.729%
9/24/1984,2246.8,2.8,0.125%,6.488%
10/1/1984,2253.5,6.7,0.298%,15.506%
10/8/1984,2253.1,-0.4,-0.018%,-0.923%
10/15/1984,2259.2,6.1,0.271%,14.078%
10/22/1984,2258.8,-0.4,-0.018%,-0.921%
10/29/1984,2264.4,5.6,0.248%,12.892%
11/5/1984,2270.8,6.4,0.283%,14.697%
11/12/1984,2275.9,5.1,0.225%,11.679%
11/19/1984,2283.2,7.3,0.321%,16.679%
11/26/1984,2286.2,3,0.131%,6.833%
12/3/1984,2287.6,1.4,0.061%,3.184%
12/10/1984,2297.1,9.5,0.415%,21.595%
12/17/1984,2303.4,6.3,0.274%,14.261%
12/24/1984,2311.4,8,0.347%,18.060%
12/31/1984,2316.8,5.4,0.234%,12.148%
1/7/1985,2322.9,6.1,0.263%,13.691%
1/14/1985,2331.8,8.9,0.383%,19.923%
1/21/1985,2337.3,5.5,0.236%,12.265%
1/28/1985,2341.3,4,0.171%,8.899%
2/4/1985,2344,2.7,0.115%,5.997%
2/11/1985,2345.8,1.8,0.077%,3.993%
2/18/1985,2349.5,3.7,0.158%,8.202%
2/25/1985,2352.2,2.7,0.115%,5.976%
3/4/1985,2357.3,5.1,0.217%,11.275%
3/11/1985,2359,1.7,0.072%,3.750%
3/18/1985,2360.8,1.8,0.076%,3.968%
3/25/1985,2366.3,5.5,0.233%,12.115%
4/1/1985,2370.6,4.3,0.182%,9.449%
4/8/1985,2368.5,-2.1,-0.089%,-4.606%
4/15/1985,2371.4,2.9,0.122%,6.367%
4/22/1985,2375.5,4.1,0.173%,8.990%
4/29/1985,2374.5,-1,-0.042%,-2.189%
5/6/1985,2377.6,3.1,0.131%,6.789%
5/13/1985,2381.5,3.9,0.164%,8.530%
5/20/1985,2386.8,5.3,0.223%,11.573%
5/27/1985,2390.4,3.6,0.151%,7.843%
6/3/1985,2393.2,2.8,0.117%,6.091%
6/10/1985,2403.4,10.2,0.426%,22.163%
6/17/1985,2409.3,5.9,0.245%,12.765%
6/24/1985,2418,8.7,0.361%,18.777%
7/1/1985,2425.3,7.3,0.302%,15.699%
7/8/1985,2422.9,-2.4,-0.099%,-5.146%
7/15/1985,2427.3,4.4,0.182%,9.443%
7/22/1985,2430.1,2.8,0.115%,5.998%
7/29/1985,2432,1.9,0.078%,4.066%
8/5/1985,2435.3,3.3,0.136%,7.056%
8/12/1985,2437.4,2.1,0.086%,4.484%
8/19/1985,2438.8,1.4,0.057%,2.987%
8/26/1985,2442.3,3.5,0.144%,7.463%
9/2/1985,2441.9,-0.4,-0.016%,-0.852%
9/9/1985,2444.6,2.7,0.111%,5.750%
9/16/1985,2446.7,2.1,0.086%,4.467%
9/23/1985,2450.2,3.5,0.143%,7.439%
9/30/1985,2462.1,11.9,0.486%,25.255%
10/7/1985,2460.8,-1.3,-0.053%,-2.746%
10/14/1985,2461.4,0.6,0.024%,1.268%
10/21/1985,2467.1,5.7,0.232%,12.042%
10/28/1985,2467.8,0.7,0.028%,1.475%
11/4/1985,2469.8,2,0.081%,4.214%
11/11/1985,2470.2,0.4,0.016%,0.842%
11/18/1985,2473.6,3.4,0.138%,7.157%
11/25/1985,2479.5,5.9,0.239%,12.403%
12/2/1985,2482.6,3.1,0.125%,6.501%
12/9/1985,2486.8,4.2,0.169%,8.797%
12/16/1985,2489.6,2.8,0.113%,5.855%
12/23/1985,2495.1,5.5,0.221%,11.488%
12/30/1985,2494.3,-0.8,-0.032%,-1.667%
1/6/1986,2501.2,6.9,0.277%,14.385%
1/13/1986,2499.6,-1.6,-0.064%,-3.326%
1/20/1986,2503.7,4.1,0.164%,8.529%
1/27/1986,2509.1,5.4,0.216%,11.215%
2/3/1986,2505.7,-3.4,-0.136%,-7.046%
2/10/1986,2510.6,4.9,0.196%,10.169%
2/17/1986,2512.6,2,0.080%,4.142%
2/24/1986,2517.8,5.2,0.207%,10.762%
3/3/1986,2521,3.2,0.127%,6.609%
3/10/1986,2528.8,7.8,0.309%,16.089%
3/17/1986,2535.3,6.5,0.257%,13.366%
3/24/1986,2541,5.7,0.225%,11.691%
3/31/1986,2547.8,6.8,0.268%,13.916%
4/7/1986,2553.7,5.9,0.232%,12.042%
4/14/1986,2555.4,1.7,0.067%,3.462%
4/21/1986,2562.4,7,0.274%,14.244%
4/28/1986,2568.9,6.5,0.254%,13.191%
5/5/1986,2575.8,6.9,0.269%,13.967%
5/12/1986,2580.3,4.5,0.175%,9.085%
5/19/1986,2585.2,4.9,0.190%,9.875%
5/26/1986,2591.2,6,0.232%,12.069%
6/2/1986,2594.2,3,0.116%,6.020%
6/9/1986,2601.7,7.5,0.289%,15.034%
6/16/1986,2609.6,7.9,0.304%,15.790%
6/23/1986,2615.2,5.6,0.215%,11.159%
6/30/1986,2620.2,5,0.191%,9.942%
7/7/1986,2624,3.8,0.145%,7.541%
7/14/1986,2629.4,5.4,0.206%,10.701%
7/21/1986,2635.1,5.7,0.217%,11.273%
7/28/1986,2638.9,3.8,0.144%,7.499%
8/4/1986,2643.3,4.4,0.167%,8.670%
8/11/1986,2647.8,4.5,0.170%,8.853%
8/18/1986,2650.5,2.7,0.102%,5.303%
8/25/1986,2653.5,3,0.113%,5.886%
9/1/1986,2660.9,7.4,0.279%,14.502%
9/8/1986,2663.4,2.5,0.094%,4.886%
9/15/1986,2665.6,2.2,0.083%,4.295%
9/22/1986,2674.8,9.2,0.345%,17.947%
9/29/1986,2680.3,5.5,0.206%,10.692%
10/6/1986,2683.1,2.8,0.104%,5.432%
10/13/1986,2683.9,0.8,0.030%,1.550%
10/20/1986,2689.6,5.7,0.212%,11.044%
10/27/1986,2693.8,4.2,0.156%,8.120%
11/3/1986,2694.9,1.1,0.041%,2.123%
11/10/1986,2698.3,3.4,0.126%,6.561%
11/17/1986,2702.4,4.1,0.152%,7.901%
11/24/1986,2703.5,1.1,0.041%,2.117%
12/1/1986,2714,10.5,0.388%,20.196%
12/8/1986,2713.1,-0.9,-0.033%,-1.724%
12/15/1986,2719.1,6,0.221%,11.500%
12/22/1986,2730.6,11.5,0.423%,21.993%
12/29/1986,2744.1,13.5,0.494%,25.709%
1/5/1987,2757.9,13.8,0.503%,26.151%
1/12/1987,2745,-12.9,-0.468%,-24.323%
1/19/1987,2742,-3,-0.109%,-5.683%
1/26/1987,2745.2,3.2,0.117%,6.069%
2/2/1987,2742.7,-2.5,-0.091%,-4.736%
2/9/1987,2741.2,-1.5,-0.055%,-2.844%
2/16/1987,2741.3,0.1,0.004%,0.190%
2/23/1987,2742.6,1.3,0.047%,2.466%
3/2/1987,2744.3,1.7,0.062%,3.223%
3/9/1987,2748.2,3.9,0.142%,7.390%
3/16/1987,2752,3.8,0.138%,7.190%
3/23/1987,2752.1,0.1,0.004%,0.189%
3/30/1987,2755.4,3.3,0.120%,6.235%
4/6/1987,2757.6,2.2,0.080%,4.152%
4/13/1987,2758.7,1.1,0.040%,2.074%
4/20/1987,2771.5,12.8,0.464%,24.127%
4/27/1987,2773.5,2,0.072%,3.752%
5/4/1987,2768.4,-5.1,-0.184%,-9.562%
5/11/1987,2763,-5.4,-0.195%,-10.143%
5/18/1987,2764.6,1.6,0.058%,3.011%
5/25/1987,2770,5.4,0.195%,10.157%
6/1/1987,2773.2,3.2,0.116%,6.007%
6/8/1987,2769.8,-3.4,-0.123%,-6.375%
6/15/1987,2771,1.2,0.043%,2.253%
6/22/1987,2773,2,0.072%,3.753%
6/29/1987,2772.8,-0.2,-0.007%,-0.375%
7/6/1987,2778.8,6,0.216%,11.252%
7/13/1987,2773.3,-5.5,-0.198%,-10.292%
7/20/1987,2777.5,4.2,0.151%,7.875%
7/27/1987,2781.1,3.6,0.130%,6.740%
8/3/1987,2779.1,-2,-0.072%,-3.740%
8/10/1987,2782.8,3.7,0.133%,6.923%
8/17/1987,2783.8,1,0.036%,1.869%
8/24/1987,2785.2,1.4,0.050%,2.615%
8/31/1987,2785.1,-0.1,-0.004%,-0.187%
9/7/1987,2784.5,-0.6,-0.022%,-1.120%
9/14/1987,2790.6,6.1,0.219%,11.392%
9/21/1987,2795,4.4,0.158%,8.199%
9/28/1987,2797.4,2.4,0.086%,4.465%
10/5/1987,2804.3,6.9,0.247%,12.826%
10/12/1987,2800.8,-3.5,-0.125%,-6.490%
10/19/1987,2809.3,8.5,0.303%,15.781%
10/26/1987,2827.2,17.9,0.637%,33.133%
11/2/1987,2819.3,-7.9,-0.279%,-14.530%
11/9/1987,2815.9,-3.4,-0.121%,-6.271%
11/16/1987,2816.2,0.3,0.011%,0.554%
11/23/1987,2817.1,0.9,0.032%,1.662%
11/30/1987,2817.8,0.7,0.025%,1.292%
12/7/1987,2820.8,3,0.106%,5.536%
12/14/1987,2823.5,2.7,0.096%,4.977%
12/21/1987,2826.4,2.9,0.103%,5.341%
12/28/1987,2828.6,2.2,0.078%,4.048%
1/4/1988,2830,1.4,0.049%,2.574%
1/11/1988,2836,6,0.212%,11.025%
1/18/1988,2846.9,10.9,0.384%,19.986%
1/25/1988,2854.8,7.9,0.277%,14.430%
2/1/1988,2863.2,8.4,0.294%,15.301%
2/8/1988,2862.3,-0.9,-0.031%,-1.635%
2/15/1988,2867.9,5.6,0.196%,10.174%
2/22/1988,2875,7.1,0.248%,12.874%
2/29/1988,2875.3,0.3,0.010%,0.543%
3/7/1988,2882.4,7.1,0.247%,12.840%
3/14/1988,2889.4,7,0.243%,12.628%
3/21/1988,2897.4,8,0.277%,14.397%
3/28/1988,2901.5,4.1,0.142%,7.358%
4/4/1988,2905.1,3.6,0.124%,6.452%
4/11/1988,2909.4,4.3,0.148%,7.697%
4/18/1988,2912.1,2.7,0.093%,4.826%
4/25/1988,2920,7.9,0.271%,14.107%
5/2/1988,2917.4,-2.6,-0.089%,-4.630%
5/9/1988,2918.3,0.9,0.031%,1.604%
5/16/1988,2922.7,4.4,0.151%,7.840%
5/23/1988,2927,4.3,0.147%,7.650%
5/30/1988,2929.5,2.5,0.085%,4.441%
6/6/1988,2935.2,5.7,0.195%,10.118%
6/13/1988,2937.5,2.3,0.078%,4.075%
6/20/1988,2944.8,7.3,0.249%,12.923%
6/27/1988,2949.1,4.3,0.146%,7.593%
7/4/1988,2947.5,-1.6,-0.054%,-2.821%
7/11/1988,2950.1,2.6,0.088%,4.587%
7/18/1988,2952.3,2.2,0.075%,3.878%
7/25/1988,2955.4,3.1,0.105%,5.460%
8/1/1988,2958.6,3.2,0.108%,5.630%
8/8/1988,2956.2,-2.4,-0.081%,-4.218%
8/15/1988,2958.4,2.2,0.074%,3.870%
8/22/1988,2959.7,1.3,0.044%,2.285%
8/29/1988,2960.2,0.5,0.017%,0.878%
9/5/1988,2959.5,-0.7,-0.024%,-1.230%
9/12/1988,2958.7,-0.8,-0.027%,-1.406%
9/19/1988,2962.5,3.8,0.128%,6.679%
9/26/1988,2964.6,2.1,0.071%,3.686%
10/3/1988,2961.9,-2.7,-0.091%,-4.736%
10/10/1988,2964.6,2.7,0.091%,4.740%
10/17/1988,2969.4,4.8,0.162%,8.419%
10/24/1988,2969.1,-0.3,-0.010%,-0.525%
10/31/1988,2972.3,3.2,0.108%,5.604%
11/7/1988,2978.9,6.6,0.222%,11.547%
11/14/1988,2982.2,3.3,0.111%,5.761%
11/21/1988,2985.3,3.1,0.104%,5.405%
11/28/1988,2988.4,3.1,0.104%,5.400%
12/5/1988,2987,-1.4,-0.047%,-2.436%
12/12/1988,2989,2,0.067%,3.482%
12/19/1988,2989.2,0.2,0.007%,0.348%
12/26/1988,2989.5,0.3,0.010%,0.522%
1/2/1989,2994.1,4.6,0.154%,8.001%
1/9/1989,2993.8,-0.3,-0.010%,-0.521%
1/16/1989,2994.7,0.9,0.030%,1.563%
1/23/1989,2994.6,-0.1,-0.003%,-0.174%
1/30/1989,2989.3,-5.3,-0.177%,-9.203%
2/6/1989,2987.5,-1.8,-0.060%,-3.131%
2/13/1989,2985.3,-2.2,-0.074%,-3.829%
2/20/1989,2987.1,1.8,0.060%,3.135%
2/27/1989,2988.7,1.6,0.054%,2.785%
3/6/1989,2997.3,8.6,0.288%,14.963%
3/13/1989,2995.8,-1.5,-0.050%,-2.602%
3/20/1989,2999.5,3.7,0.124%,6.422%
3/27/1989,3002.7,3.2,0.107%,5.548%
4/3/1989,3000.6,-2.1,-0.070%,-3.637%
4/10/1989,3001.5,0.9,0.030%,1.560%
4/17/1989,3004,2.5,0.083%,4.331%
4/24/1989,3008.9,4.9,0.163%,8.482%
5/1/1989,3009.1,0.2,0.007%,0.346%
5/8/1989,3001.9,-7.2,-0.239%,-12.442%
5/15/1989,3004.2,2.3,0.077%,3.984%
5/22/1989,3005.7,1.5,0.050%,2.596%
5/29/1989,3009.7,4,0.133%,6.920%
6/5/1989,3015.1,5.4,0.179%,9.330%
6/12/1989,3018.8,3.7,0.123%,6.381%
6/19/1989,3023.9,5.1,0.169%,8.785%
6/26/1989,3030.6,6.7,0.222%,11.522%
7/3/1989,3036.9,6.3,0.208%,10.810%
7/10/1989,3048,11.1,0.366%,19.006%
7/17/1989,3050.5,2.5,0.082%,4.265%
7/24/1989,3053.8,3.3,0.108%,5.625%
7/31/1989,3056.7,2.9,0.095%,4.938%
8/7/1989,3064.4,7.7,0.252%,13.099%
8/14/1989,3068.3,3.9,0.127%,6.618%
8/21/1989,3072.6,4.3,0.140%,7.287%
8/28/1989,3075.3,2.7,0.088%,4.569%
9/4/1989,3076.1,0.8,0.026%,1.353%
9/11/1989,3082.6,6.5,0.211%,10.988%
9/18/1989,3086.4,3.8,0.123%,6.410%
9/25/1989,3090.8,4.4,0.143%,7.413%
10/2/1989,3098.9,8.1,0.262%,13.628%
10/9/1989,3105.3,6.4,0.207%,10.739%
10/16/1989,3111.5,6.2,0.200%,10.382%
10/23/1989,3116.6,5.1,0.164%,8.523%
10/30/1989,3118.6,2,0.064%,3.337%
11/6/1989,3126.5,7.9,0.253%,13.173%
11/13/1989,3129.5,3,0.096%,4.990%
11/20/1989,3132.5,3,0.096%,4.985%
11/27/1989,3138.9,6.4,0.204%,10.624%
12/4/1989,3142.2,3.3,0.105%,5.467%
12/11/1989,3146.2,4,0.127%,6.620%
12/18/1989,3150.2,4,0.127%,6.611%
12/25/1989,3157.3,7.1,0.225%,11.720%
1/1/1990,3161.1,3.8,0.120%,6.259%
1/8/1990,3164.1,3,0.095%,4.935%
1/15/1990,3164.4,0.3,0.009%,0.493%
1/22/1990,3166.4,2,0.063%,3.287%
1/29/1990,3167.6,1.2,0.038%,1.971%
2/5/1990,3175.4,7.8,0.246%,12.805%
2/12/1990,3177.1,1.7,0.054%,2.784%
2/19/1990,3179.9,2.8,0.088%,4.583%
2/26/1990,3185.2,5.3,0.167%,8.667%
3/5/1990,3186.6,1.4,0.044%,2.286%
3/12/1990,3187.4,0.8,0.025%,1.305%
3/19/1990,3188.7,1.3,0.041%,2.121%
3/26/1990,3194.2,5.5,0.172%,8.969%
4/2/1990,3196.5,2.3,0.072%,3.744%
4/9/1990,3197.9,1.4,0.044%,2.277%
4/16/1990,3200.6,2.7,0.084%,4.390%
4/23/1990,3202.9,2.3,0.072%,3.737%
4/30/1990,3205.9,3,0.094%,4.871%
5/7/1990,3199.1,-6.8,-0.212%,-11.030%
5/14/1990,3199.9,0.8,0.025%,1.300%
5/21/1990,3201.5,1.6,0.050%,2.600%
5/28/1990,3201.1,-0.4,-0.012%,-0.650%
6/4/1990,3205.9,4.8,0.150%,7.797%
6/11/1990,3208.7,2.8,0.087%,4.542%
6/18/1990,3213.7,5,0.156%,8.103%
6/25/1990,3217.1,3.4,0.106%,5.501%
7/2/1990,3223.8,6.7,0.208%,10.830%
7/9/1990,3219.3,-4.5,-0.140%,-7.259%
7/16/1990,3225.1,5.8,0.180%,9.368%
7/23/1990,3224.8,-0.3,-0.009%,-0.484%
7/30/1990,3228.2,3.4,0.105%,5.483%
8/6/1990,3231.3,3.1,0.096%,4.993%
8/13/1990,3240.3,9,0.279%,14.483%
8/20/1990,3244.6,4.3,0.133%,6.901%
8/27/1990,3246.6,2,0.062%,3.205%
9/3/1990,3250.7,4.1,0.126%,6.567%
9/10/1990,3252.7,2,0.062%,3.199%
9/17/1990,3252.6,-0.1,-0.003%,-0.160%
9/24/1990,3254.5,1.9,0.058%,3.038%
10/1/1990,3262.4,7.9,0.243%,12.623%
10/8/1990,3260.4,-2,-0.061%,-3.188%
10/15/1990,3259.4,-1,-0.031%,-1.595%
10/22/1990,3256.8,-2.6,-0.080%,-4.148%
10/29/1990,3259.8,3,0.092%,4.790%
11/5/1990,3259.6,-0.2,-0.006%,-0.319%
11/12/1990,3261.4,1.8,0.055%,2.872%
11/19/1990,3263.8,2.4,0.074%,3.827%
11/26/1990,3267.2,3.4,0.104%,5.417%
12/3/1990,3257.5,-9.7,-0.297%,-15.438%
12/10/1990,3266.1,8.6,0.264%,13.728%
12/17/1990,3270.7,4.6,0.141%,7.324%
12/24/1990,3276.1,5.4,0.165%,8.585%
12/31/1990,3280.6,4.5,0.137%,7.143%
1/7/1991,3280.1,-0.5,-0.015%,-0.793%
1/14/1991,3282.6,2.5,0.076%,3.963%
1/21/1991,3289.1,6.5,0.198%,10.297%
1/28/1991,3294.4,5.3,0.161%,8.379%
2/4/1991,3298.8,4.4,0.134%,6.945%
2/11/1991,3303.7,4.9,0.149%,7.724%
2/18/1991,3303,-0.7,-0.021%,-1.102%
2/25/1991,3306.7,3.7,0.112%,5.825%
3/4/1991,3312.2,5.5,0.166%,8.649%
3/11/1991,3316.1,3.9,0.118%,6.123%
3/18/1991,3319.3,3.2,0.096%,5.018%
3/25/1991,3327.1,7.8,0.235%,12.219%
4/1/1991,3332.1,5,0.150%,7.815%
4/8/1991,3330.7,-1.4,-0.042%,-2.185%
4/15/1991,3334.6,3.9,0.117%,6.089%
4/22/1991,3331.9,-2.7,-0.081%,-4.210%
4/29/1991,3331.7,-0.2,-0.006%,-0.312%
5/6/1991,3337.6,5.9,0.177%,9.209%
5/13/1991,3342.9,5.3,0.159%,8.257%
5/20/1991,3345.7,2.8,0.084%,4.355%
5/27/1991,3345.6,-0.1,-0.003%,-0.155%
6/3/1991,3342.1,-3.5,-0.105%,-5.440%
6/10/1991,3351,8.9,0.266%,13.848%
6/17/1991,3351.8,0.8,0.024%,1.241%
6/24/1991,3351.1,-0.7,-0.021%,-1.086%
7/1/1991,3359.1,8,0.239%,12.414%
7/8/1991,3355.2,-3.9,-0.116%,-6.037%
7/15/1991,3357,1.8,0.054%,2.790%
7/22/1991,3356.8,-0.2,-0.006%,-0.310%
7/29/1991,3355.4,-1.4,-0.042%,-2.169%
8/5/1991,3354.5,-0.9,-0.027%,-1.395%
8/12/1991,3354.6,0.1,0.003%,0.155%
8/19/1991,3353.4,-1.2,-0.036%,-1.860%
8/26/1991,3358.5,5.1,0.152%,7.908%
9/2/1991,3353.5,-5,-0.149%,-7.742%
9/9/1991,3356.5,3,0.089%,4.652%
9/16/1991,3355.4,-1.1,-0.033%,-1.704%
9/23/1991,3354.5,-0.9,-0.027%,-1.395%
9/30/1991,3353.8,-0.7,-0.021%,-1.085%
10/7/1991,3356.8,3,0.089%,4.651%
10/14/1991,3358.1,1.3,0.039%,2.014%
10/21/1991,3362.4,4.3,0.128%,6.659%
10/28/1991,3363.2,0.8,0.024%,1.237%
11/4/1991,3360.3,-2.9,-0.086%,-4.484%
11/11/1991,3365.2,4.9,0.146%,7.583%
11/18/1991,3365,-0.2,-0.006%,-0.309%
11/25/1991,3366.5,1.5,0.045%,2.318%
12/2/1991,3369.4,2.9,0.086%,4.479%
12/9/1991,3372.4,3,0.089%,4.630%
12/16/1991,3379.5,7.1,0.211%,10.948%
12/23/1991,3371.1,-8.4,-0.249%,-12.925%
12/30/1991,3367.7,-3.4,-0.101%,-5.245%
1/6/1992,3365.7,-2,-0.059%,-3.088%
1/13/1992,3374.9,9.2,0.273%,14.214%
1/20/1992,3381.7,6.8,0.201%,10.477%
1/27/1992,3393.5,11.8,0.349%,18.145%
2/3/1992,3392.9,-0.6,-0.018%,-0.919%
2/10/1992,3398.9,6,0.177%,9.196%
2/17/1992,3400.8,1.9,0.056%,2.907%
2/24/1992,3402.5,1.7,0.050%,2.599%
3/2/1992,3401.1,-1.4,-0.041%,-2.140%
3/9/1992,3404.6,3.5,0.103%,5.351%
3/16/1992,3407.2,2.6,0.076%,3.971%
3/23/1992,3404,-3.2,-0.094%,-4.884%
3/30/1992,3401.1,-2.9,-0.085%,-4.430%
4/6/1992,3400.2,-0.9,-0.026%,-1.376%
4/13/1992,3401.6,1.4,0.041%,2.141%
4/20/1992,3397.8,-3.8,-0.112%,-5.809%
4/27/1992,3399.4,1.6,0.047%,2.449%
5/4/1992,3399.3,-0.1,-0.003%,-0.153%
5/11/1992,3401,1.7,0.050%,2.601%
5/18/1992,3398.3,-2.7,-0.079%,-4.128%
5/25/1992,3397,-1.3,-0.038%,-1.989%
6/1/1992,3397.5,0.5,0.015%,0.765%
6/8/1992,3393.7,-3.8,-0.112%,-5.816%
6/15/1992,3396.5,2.8,0.083%,4.290%
6/22/1992,3394.3,-2.2,-0.065%,-3.368%
6/29/1992,3389.1,-5.2,-0.153%,-7.966%
7/6/1992,3390.9,1.8,0.053%,2.762%
7/13/1992,3393.6,2.7,0.080%,4.140%
7/20/1992,3395,1.4,0.041%,2.145%
7/27/1992,3396.5,1.5,0.044%,2.297%
8/3/1992,3392.2,-4.3,-0.127%,-6.583%
8/10/1992,3396.8,4.6,0.136%,7.051%
8/17/1992,3397.1,0.3,0.009%,0.459%
8/24/1992,3398.7,1.6,0.047%,2.449%
8/31/1992,3405.3,6.6,0.194%,10.098%
9/7/1992,3403.1,-2.2,-0.065%,-3.359%
9/14/1992,3408.7,5.6,0.165%,8.557%
9/21/1992,3412.4,3.7,0.109%,5.644%
9/28/1992,3416.3,3.9,0.114%,5.943%
10/5/1992,3413.6,-2.7,-0.079%,-4.110%
10/12/1992,3423,9.4,0.275%,14.319%
10/19/1992,3421.5,-1.5,-0.044%,-2.279%
10/26/1992,3429.2,7.7,0.225%,11.702%
11/2/1992,3430.9,1.7,0.050%,2.578%
11/9/1992,3430.5,-0.4,-0.012%,-0.606%
11/16/1992,3428.3,-2.2,-0.064%,-3.335%
11/23/1992,3421.5,-6.8,-0.198%,-10.314%
11/30/1992,3424.3,2.8,0.082%,4.255%
12/7/1992,3427.7,3.4,0.099%,5.163%
12/14/1992,3428.4,0.7,0.020%,1.062%
12/21/1992,3421.6,-6.8,-0.198%,-10.314%
12/28/1992,3423.1,1.5,0.044%,2.280%
1/4/1993,3418.7,-4.4,-0.129%,-6.684%
1/11/1993,3422.2,3.5,0.102%,5.324%
1/18/1993,3416.8,-5.4,-0.158%,-8.205%
1/25/1993,3415.5,-1.3,-0.038%,-1.978%
2/1/1993,3414.9,-0.6,-0.018%,-0.913%
2/8/1993,3410.1,-4.8,-0.141%,-7.309%
2/15/1993,3414.6,4.5,0.132%,6.862%
2/22/1993,3415.7,1.1,0.032%,1.675%
3/1/1993,3414.7,-1,-0.029%,-1.522%
3/8/1993,3411.5,-3.2,-0.094%,-4.873%
3/15/1993,3411.1,-0.4,-0.012%,-0.610%
3/22/1993,3409.6,-1.5,-0.044%,-2.287%
3/29/1993,3409.7,0.1,0.003%,0.153%
4/5/1993,3409.1,-0.6,-0.018%,-0.915%
4/12/1993,3410.1,1,0.029%,1.525%
4/19/1993,3405.1,-5,-0.147%,-7.624%
4/26/1993,3411.1,6,0.176%,9.163%
5/3/1993,3425.5,14.4,0.422%,21.952%
5/10/1993,3437.4,11.9,0.347%,18.065%
5/17/1993,3437.2,-0.2,-0.006%,-0.303%
5/24/1993,3434.3,-2.9,-0.084%,-4.387%
5/31/1993,3445.5,11.2,0.326%,16.958%
6/7/1993,3444.6,-0.9,-0.026%,-1.358%
6/14/1993,3446.2,1.6,0.046%,2.415%
6/21/1993,3442.2,-4,-0.116%,-6.036%
6/28/1993,3438.2,-4,-0.116%,-6.043%
7/5/1993,3436.1,-2.1,-0.061%,-3.176%
7/12/1993,3443.7,7.6,0.221%,11.501%
7/19/1993,3443.2,-0.5,-0.015%,-0.755%
7/26/1993,3442.3,-0.9,-0.026%,-1.359%
8/2/1993,3443.6,1.3,0.038%,1.964%
8/9/1993,3446.8,3.2,0.093%,4.832%
8/16/1993,3447.5,0.7,0.020%,1.056%
8/23/1993,3443.9,-3.6,-0.104%,-5.430%
8/30/1993,3444.7,0.8,0.023%,1.208%
9/6/1993,3447.6,2.9,0.084%,4.378%
9/13/1993,3453.1,5.5,0.160%,8.296%
9/20/1993,3453.7,0.6,0.017%,0.904%
9/27/1993,3453.4,-0.3,-0.009%,-0.452%
10/4/1993,3453.3,-0.1,-0.003%,-0.151%
10/11/1993,3457.8,4.5,0.130%,6.776%
10/18/1993,3453.6,-4.2,-0.121%,-6.316%
10/25/1993,3453.7,0.1,0.003%,0.151%
11/1/1993,3464.7,11,0.318%,16.562%
11/8/1993,3466.7,2,0.058%,3.002%
11/15/1993,3473.2,6.5,0.187%,9.750%
11/22/1993,3470.8,-2.4,-0.069%,-3.593%
11/29/1993,3469.6,-1.2,-0.035%,-1.798%
12/6/1993,3476.2,6.6,0.190%,9.892%
12/13/1993,3477.8,1.6,0.046%,2.393%
12/20/1993,3473.6,-4.2,-0.121%,-6.280%
12/27/1993,3474.6,1,0.029%,1.497%
1/3/1994,3467.3,-7.3,-0.210%,-10.925%
1/10/1994,3473.8,6.5,0.187%,9.748%
1/17/1994,3478.1,4.3,0.124%,6.437%
1/24/1994,3477.1,-1,-0.029%,-1.495%
1/31/1994,3473.9,-3.2,-0.092%,-4.786%
2/7/1994,3474.6,0.7,0.020%,1.048%
2/14/1994,3478.7,4.1,0.118%,6.136%
2/21/1994,3475.4,-3.3,-0.095%,-4.933%
2/28/1994,3474.2,-1.2,-0.035%,-1.795%
3/7/1994,3478,3.8,0.109%,5.688%
3/14/1994,3483.5,5.5,0.158%,8.223%
3/21/1994,3481.9,-1.6,-0.046%,-2.388%
3/28/1994,3477.5,-4.4,-0.126%,-6.571%
4/4/1994,3479.4,1.9,0.055%,2.841%
4/11/1994,3483.3,3.9,0.112%,5.829%
4/18/1994,3476.1,-7.2,-0.207%,-10.748%
4/25/1994,3480.1,4,0.115%,5.984%
5/2/1994,3488.9,8.8,0.253%,13.149%
5/9/1994,3494.2,5.3,0.152%,7.899%
5/16/1994,3492.9,-1.3,-0.037%,-1.935%
5/23/1994,3491.2,-1.7,-0.049%,-2.531%
5/30/1994,3486.8,-4.4,-0.126%,-6.554%
6/6/1994,3481.6,-5.2,-0.149%,-7.755%
6/13/1994,3480,-1.6,-0.046%,-2.390%
6/20/1994,3476.4,-3.6,-0.103%,-5.379%
6/27/1994,3480.7,4.3,0.124%,6.432%
7/4/1994,3478.4,-2.3,-0.066%,-3.436%
7/11/1994,3487.2,8.8,0.253%,13.155%
7/18/1994,3489,1.8,0.052%,2.684%
7/25/1994,3490.3,1.3,0.037%,1.938%
8/1/1994,3492.5,2.2,0.063%,3.278%
8/8/1994,3484,-8.5,-0.243%,-12.656%
8/15/1994,3485.8,1.8,0.052%,2.687%
8/22/1994,3487.4,1.6,0.046%,2.387%
8/29/1994,3485.1,-2.3,-0.066%,-3.429%
9/5/1994,3484.2,-0.9,-0.026%,-1.343%
9/12/1994,3485.2,1,0.029%,1.492%
9/19/1994,3487.2,2,0.057%,2.984%
9/26/1994,3490.4,3.2,0.092%,4.772%
10/3/1994,3480.6,-9.8,-0.281%,-14.600%
10/10/1994,3486.9,6.3,0.181%,9.412%
10/17/1994,3485.5,-1.4,-0.040%,-2.088%
10/24/1994,3483.6,-1.9,-0.055%,-2.835%
10/31/1994,3482.7,-0.9,-0.026%,-1.343%
11/7/1994,3481.6,-1.1,-0.032%,-1.642%
11/14/1994,3486,4.4,0.126%,6.572%
11/21/1994,3490.8,4.8,0.138%,7.160%
11/28/1994,3489.9,-0.9,-0.026%,-1.341%
12/5/1994,3490.1,0.2,0.006%,0.298%
12/12/1994,3488.7,-1.4,-0.040%,-2.086%
12/19/1994,3485.8,-2.9,-0.083%,-4.323%
12/26/1994,3486.1,0.3,0.009%,0.448%
1/2/1995,3480.3,-5.8,-0.166%,-8.652%
1/9/1995,3489.8,9.5,0.273%,14.194%
1/16/1995,3493.9,4.1,0.117%,6.109%
1/23/1995,3495.2,1.3,0.037%,1.935%
1/30/1995,3494.1,-1.1,-0.031%,-1.637%
2/6/1995,3492.4,-1.7,-0.049%,-2.530%
2/13/1995,3490.3,-2.1,-0.060%,-3.127%
2/20/1995,3486.9,-3.4,-0.097%,-5.065%
2/27/1995,3490.8,3.9,0.112%,5.816%
3/6/1995,3486.6,-4.2,-0.120%,-6.256%
3/13/1995,3493.1,6.5,0.186%,9.694%
3/20/1995,3492.3,-0.8,-0.023%,-1.191%
3/27/1995,3495.1,2.8,0.080%,4.169%
4/3/1995,3485.1,-10,-0.286%,-14.878%
4/10/1995,3495.7,10.6,0.304%,15.816%
4/17/1995,3495.6,-0.1,-0.003%,-0.149%
4/24/1995,3502.5,6.9,0.197%,10.264%
5/1/1995,3510.7,8.2,0.234%,12.174%
5/8/1995,3513.5,2.8,0.080%,4.147%
5/15/1995,3518.8,5.3,0.151%,7.844%
5/22/1995,3528.9,10.1,0.287%,14.926%
5/29/1995,3532.9,4,0.113%,5.894%
6/5/1995,3541.4,8.5,0.241%,12.511%
6/12/1995,3549.8,8.4,0.237%,12.334%
6/19/1995,3547.7,-2.1,-0.059%,-3.076%
6/26/1995,3552.3,4.6,0.130%,6.742%
7/3/1995,3552.9,0.6,0.017%,0.878%
7/10/1995,3562.6,9.7,0.273%,14.197%
7/17/1995,3565.2,2.6,0.073%,3.795%
7/24/1995,3570.6,5.4,0.151%,7.876%
7/31/1995,3577.3,6.7,0.188%,9.757%
8/7/1995,3582.4,5.1,0.143%,7.413%
8/14/1995,3586.1,3.7,0.103%,5.371%
8/21/1995,3591.7,5.6,0.156%,8.120%
8/28/1995,3593.2,1.5,0.042%,2.172%
9/4/1995,3595.4,2.2,0.061%,3.184%
9/11/1995,3600.8,5.4,0.150%,7.810%
9/18/1995,3601.1,0.3,0.008%,0.433%
9/25/1995,3606.1,5,0.139%,7.220%
10/2/1995,3604.9,-1.2,-0.033%,-1.730%
10/9/1995,3614.5,9.6,0.266%,13.848%
10/16/1995,3615,0.5,0.014%,0.719%
10/23/1995,3612.8,-2.2,-0.061%,-3.165%
10/30/1995,3613,0.2,0.006%,0.288%
11/6/1995,3617.5,4.5,0.125%,6.477%
11/13/1995,3617.1,-0.4,-0.011%,-0.575%
11/20/1995,3620,2.9,0.080%,4.169%
11/27/1995,3624,4,0.110%,5.746%
12/4/1995,3621,-3,-0.083%,-4.305%
12/11/1995,3627.9,6.9,0.191%,9.909%
12/18/1995,3627,-0.9,-0.025%,-1.290%
12/25/1995,3632.2,5.2,0.143%,7.455%
1/1/1996,3636.9,4.7,0.129%,6.729%
1/8/1996,3641.7,4.8,0.132%,6.863%
1/15/1996,3655.8,14.1,0.387%,20.133%
1/22/1996,3647.5,-8.3,-0.227%,-11.806%
1/29/1996,3646.4,-1.1,-0.030%,-1.568%
2/5/1996,3651.7,5.3,0.145%,7.558%
2/12/1996,3655.8,4.1,0.112%,5.838%
2/19/1996,3660.6,4.8,0.131%,6.828%
2/26/1996,3667.4,6.8,0.186%,9.660%
3/4/1996,3681.7,14.3,0.390%,20.276%
3/11/1996,3680.7,-1,-0.027%,-1.412%
3/18/1996,3687.9,7.2,0.196%,10.172%
3/25/1996,3689.3,1.4,0.038%,1.974%
4/1/1996,3695.6,6.3,0.171%,8.880%
4/8/1996,3696.6,1,0.027%,1.407%
4/15/1996,3705.4,8.8,0.238%,12.379%
4/22/1996,3695.6,-9.8,-0.264%,-13.753%
4/29/1996,3691.9,-3.7,-0.100%,-5.206%
5/6/1996,3706.5,14.6,0.395%,20.564%
5/13/1996,3711.1,4.6,0.124%,6.454%
5/20/1996,3710,-1.1,-0.030%,-1.541%
5/27/1996,3708.3,-1.7,-0.046%,-2.383%
6/3/1996,3713.6,5.3,0.143%,7.432%
6/10/1996,3721.7,8.1,0.218%,11.342%
6/17/1996,3722.3,0.6,0.016%,0.838%
6/24/1996,3720.9,-1.4,-0.038%,-1.956%
7/1/1996,3730.5,9.6,0.258%,13.416%
7/8/1996,3730.2,-0.3,-0.008%,-0.418%
7/15/1996,3734.6,4.4,0.118%,6.134%
7/22/1996,3740.2,5.6,0.150%,7.797%
7/29/1996,3741.4,1.2,0.032%,1.668%
8/5/1996,3744.6,3.2,0.086%,4.448%
8/12/1996,3744.7,0.1,0.003%,0.139%
8/19/1996,3743,-1.7,-0.045%,-2.361%
8/26/1996,3745.4,2.4,0.064%,3.334%
9/2/1996,3743.3,-2.1,-0.056%,-2.916%
9/9/1996,3757.4,14.1,0.377%,19.587%
9/16/1996,3752.4,-5,-0.133%,-6.920%
9/23/1996,3749.2,-3.2,-0.085%,-4.434%
9/30/1996,3758.2,9,0.240%,12.483%
10/7/1996,3763.3,5.1,0.136%,7.057%
10/14/1996,3767.8,4.5,0.120%,6.218%
10/21/1996,3772.5,4.7,0.125%,6.487%
10/28/1996,3776.1,3.6,0.095%,4.962%
11/4/1996,3779.9,3.8,0.101%,5.233%
11/11/1996,3787.2,7.3,0.193%,10.043%
11/18/1996,3789.4,2.2,0.058%,3.021%
11/25/1996,3792,2.6,0.069%,3.568%
12/2/1996,3800.3,8.3,0.219%,11.382%
12/9/1996,3810.5,10.2,0.268%,13.957%
12/16/1996,3808.4,-2.1,-0.055%,-2.866%
12/23/1996,3813.4,5,0.131%,6.827%
12/30/1996,3810.6,-2.8,-0.073%,-3.818%
1/6/1997,3820.2,9.6,0.252%,13.100%
1/13/1997,3823.9,3.7,0.097%,5.036%
1/20/1997,3824.9,1,0.026%,1.360%
1/27/1997,3826.7,1.8,0.047%,2.447%
2/3/1997,3828.1,1.4,0.037%,1.902%
2/10/1997,3837.6,9.5,0.248%,12.905%
2/17/1997,3837.1,-0.5,-0.013%,-0.678%
2/24/1997,3836.3,-0.8,-0.021%,-1.084%
3/3/1997,3838.5,2.2,0.057%,2.982%
3/10/1997,3851.9,13.4,0.349%,18.153%
3/17/1997,3850.6,-1.3,-0.034%,-1.755%
3/24/1997,3852,1.4,0.036%,1.891%
3/31/1997,3855.7,3.7,0.096%,4.995%
4/7/1997,3866.4,10.7,0.278%,14.431%
4/14/1997,3867.8,1.4,0.036%,1.883%
4/21/1997,3869.4,1.6,0.041%,2.151%
4/28/1997,3865,-4.4,-0.114%,-5.913%
5/5/1997,3867.9,2.9,0.075%,3.902%
5/12/1997,3874.5,6.6,0.171%,8.873%
5/19/1997,3877.3,2.8,0.072%,3.758%
5/26/1997,3887.5,10.2,0.263%,13.680%
6/2/1997,3887.3,-0.2,-0.005%,-0.268%
6/9/1997,3899.2,11.9,0.306%,15.919%
6/16/1997,3892.6,-6.6,-0.169%,-8.802%
6/23/1997,3893.8,1.2,0.031%,1.603%
6/30/1997,3900.1,6.3,0.162%,8.413%
7/7/1997,3912.4,12.3,0.315%,16.400%
7/14/1997,3910.7,-1.7,-0.043%,-2.259%
7/21/1997,3911.9,1.2,0.031%,1.596%
7/28/1997,3914.2,2.3,0.059%,3.057%
8/4/1997,3927.5,13.3,0.340%,17.669%
8/11/1997,3939,11.5,0.293%,15.226%
8/18/1997,3947.2,8.2,0.208%,10.825%
8/25/1997,3953.7,6.5,0.165%,8.563%
9/1/1997,3963,9.3,0.235%,12.232%
9/8/1997,3963.1,0.1,0.003%,0.131%
9/15/1997,3961.1,-2,-0.050%,-2.624%
9/22/1997,3960.7,-0.4,-0.010%,-0.525%
9/29/1997,3965.1,4.4,0.111%,5.777%
10/6/1997,3976.6,11.5,0.290%,15.082%
10/13/1997,3977.5,0.9,0.023%,1.177%
10/20/1997,3984,6.5,0.163%,8.498%
10/27/1997,3983.8,-0.2,-0.005%,-0.261%
11/3/1997,3992.3,8.5,0.213%,11.095%
11/10/1997,4001.2,8.9,0.223%,11.592%
11/17/1997,4000.4,-0.8,-0.020%,-1.040%
11/24/1997,4006.9,6.5,0.162%,8.449%
12/1/1997,4017.2,10.3,0.257%,13.367%
12/8/1997,4018.7,1.5,0.037%,1.942%
12/15/1997,4016.6,-2.1,-0.052%,-2.717%
12/22/1997,4021.1,4.5,0.112%,5.826%
12/29/1997,4029.2,8.1,0.201%,10.475%
1/5/1998,4044.8,15.6,0.387%,20.133%
1/12/1998,4042.8,-2,-0.049%,-2.571%
1/19/1998,4042.2,-0.6,-0.015%,-0.772%
1/26/1998,4047.5,5.3,0.131%,6.818%
2/2/1998,4055.6,8.1,0.200%,10.406%
2/9/1998,4070.3,14.7,0.362%,18.848%
2/16/1998,4076,5.7,0.140%,7.282%
2/23/1998,4086,10,0.245%,12.758%
3/2/1998,4094,8,0.196%,10.181%
3/9/1998,4106.1,12.1,0.296%,15.369%
3/16/1998,4107,0.9,0.022%,1.140%
3/23/1998,4102.4,-4.6,-0.112%,-5.824%
3/30/1998,4101.8,-0.6,-0.015%,-0.761%
4/6/1998,4125.2,23.4,0.570%,29.665%
4/13/1998,4128.9,3.7,0.090%,4.664%
4/20/1998,4133.2,4.3,0.104%,5.415%
4/27/1998,4128.3,-4.9,-0.119%,-6.165%
5/4/1998,4139.9,11.6,0.281%,14.611%
5/11/1998,4148.4,8.5,0.205%,10.677%
5/18/1998,4152.1,3.7,0.089%,4.638%
5/25/1998,4156.1,4,0.096%,5.010%
6/1/1998,4169.6,13.5,0.325%,16.891%
6/8/1998,4173.6,4,0.096%,4.988%
6/15/1998,4174.9,1.3,0.031%,1.620%
6/22/1998,4172.5,-2.4,-0.057%,-2.989%
6/29/1998,4171.4,-1.1,-0.026%,-1.371%
7/6/1998,4197.6,26.2,0.628%,32.660%
7/13/1998,4187.7,-9.9,-0.236%,-12.264%
7/20/1998,4192.1,4.4,0.105%,5.464%
7/27/1998,4193.3,1.2,0.029%,1.489%
8/3/1998,4200.4,7.1,0.169%,8.805%
8/10/1998,4217.1,16.7,0.398%,20.674%
8/17/1998,4215.8,-1.3,-0.031%,-1.603%
8/24/1998,4220.1,4.3,0.102%,5.304%
8/31/1998,4228.7,8.6,0.204%,10.597%
9/7/1998,4249.7,21,0.497%,25.824%
9/14/1998,4257.5,7.8,0.184%,9.544%
9/21/1998,4262,4.5,0.106%,5.496%
9/28/1998,4255.5,-6.5,-0.153%,-7.931%
10/5/1998,4274.3,18.8,0.442%,22.973%
10/12/1998,4285.6,11.3,0.264%,13.747%
10/19/1998,4297.2,11.6,0.271%,14.075%
10/26/1998,4311.4,14.2,0.330%,17.183%
11/2/1998,4318.2,6.8,0.158%,8.202%
11/9/1998,4335.1,16.9,0.391%,20.351%
11/16/1998,4338.4,3.3,0.076%,3.958%
11/23/1998,4336.9,-1.5,-0.035%,-1.798%
11/30/1998,4339.1,2.2,0.051%,2.638%
12/7/1998,4358,18.9,0.436%,22.650%
12/14/1998,4360,2,0.046%,2.386%
12/21/1998,4364.2,4.2,0.096%,5.009%
12/28/1998,4369.8,5.6,0.128%,6.672%
1/4/1999,4384,14.2,0.325%,16.898%
1/11/1999,4388.4,4.4,0.100%,5.219%
1/18/1999,4392.2,3.8,0.087%,4.503%
1/25/1999,4388.8,-3.4,-0.077%,-4.025%
2/1/1999,4407.2,18.4,0.419%,21.801%
2/8/1999,4409.8,2.6,0.059%,3.068%
2/15/1999,4415.3,5.5,0.125%,6.486%
2/22/1999,4418.8,3.5,0.079%,4.122%
3/1/1999,4418.3,-0.5,-0.011%,-0.588%
3/8/1999,4420.9,2.6,0.059%,3.060%
3/15/1999,4417.1,-3.8,-0.086%,-4.470%
3/22/1999,4419.8,2.7,0.061%,3.179%
3/29/1999,4425.3,5.5,0.124%,6.471%
4/5/1999,4440.9,15.6,0.353%,18.331%
4/12/1999,4444.5,3.6,0.081%,4.215%
4/19/1999,4453,8.5,0.191%,9.945%
4/26/1999,4458.9,5.9,0.132%,6.890%
5/3/1999,4454.5,-4.4,-0.099%,-5.131%
5/10/1999,4471.7,17.2,0.386%,20.079%
5/17/1999,4471.6,-0.1,-0.002%,-0.116%
5/24/1999,4476.8,5.2,0.116%,6.047%
5/31/1999,4487.9,11.1,0.248%,12.893%
6/7/1999,4492.4,4.5,0.100%,5.214%
6/14/1999,4494.1,1.7,0.038%,1.968%
6/21/1999,4499.3,5.2,0.116%,6.017%
6/28/1999,4498.3,-1,-0.022%,-1.156%
7/5/1999,4505.6,7.3,0.162%,8.439%
7/12/1999,4523.6,18,0.400%,20.774%
7/19/1999,4523.2,-0.4,-0.009%,-0.460%
7/26/1999,4532,8.8,0.195%,10.117%
8/2/1999,4532.4,0.4,0.009%,0.459%
8/9/1999,4540.9,8.5,0.188%,9.752%
8/16/1999,4544.7,3.8,0.084%,4.352%
8/23/1999,4540.8,-3.9,-0.086%,-4.462%
8/30/1999,4539.6,-1.2,-0.026%,-1.374%
9/6/1999,4550.1,10.5,0.231%,12.027%
9/13/1999,4553.7,3.6,0.079%,4.114%
9/20/1999,4561.3,7.6,0.167%,8.679%
9/27/1999,4557.8,-3.5,-0.077%,-3.990%
10/4/1999,4568.5,10.7,0.235%,12.208%
10/11/1999,4574.8,6.3,0.138%,7.171%
10/18/1999,4577.4,2.6,0.057%,2.955%
10/25/1999,4584.3,6.9,0.151%,7.839%
11/1/1999,4596.6,12.3,0.268%,13.952%
11/8/1999,4593.7,-2.9,-0.063%,-3.281%
11/15/1999,4599.6,5.9,0.128%,6.679%
11/22/1999,4603.9,4.3,0.093%,4.861%
11/29/1999,4601.1,-2.8,-0.061%,-3.163%
12/6/1999,4613.2,12.1,0.263%,13.675%
12/13/1999,4617.8,4.6,0.100%,5.185%
12/20/1999,4628,10.2,0.221%,11.486%
12/27/1999,4638.1,10.1,0.218%,11.348%
1/3/2000,4653.1,15,0.323%,16.817%
1/10/2000,4657.6,4.5,0.097%,5.029%
1/17/2000,4659.8,2.2,0.047%,2.456%
1/24/2000,4667,7.2,0.155%,8.035%
1/31/2000,4667.7,0.7,0.015%,0.780%
2/7/2000,4674.2,6.5,0.139%,7.241%
2/14/2000,4667.3,-6.9,-0.148%,-7.676%
2/21/2000,4666.7,-0.6,-0.013%,-0.668%
2/28/2000,4666.4,-0.3,-0.006%,-0.334%
3/6/2000,4678.3,11.9,0.255%,13.261%
3/13/2000,4685.9,7.6,0.162%,8.448%
3/20/2000,4704.1,18.2,0.388%,20.197%
3/27/2000,4711.6,7.5,0.159%,8.291%
4/3/2000,4728,16.4,0.348%,18.100%
4/10/2000,4751.8,23.8,0.503%,26.176%
4/17/2000,4760.7,8.9,0.187%,9.739%
4/24/2000,4767,6.3,0.132%,6.881%
5/1/2000,4754.7,-12.3,-0.258%,-13.417%
5/8/2000,4734.2,-20.5,-0.431%,-22.420%
5/15/2000,4739.9,5.7,0.120%,6.261%
5/22/2000,4744.7,4.8,0.101%,5.266%
5/29/2000,4747.2,2.5,0.053%,2.740%
6/5/2000,4759.1,11.9,0.251%,13.035%
6/12/2000,4761.9,2.8,0.059%,3.059%
6/19/2000,4758.2,-3.7,-0.078%,-4.040%
6/26/2000,4760.7,2.5,0.053%,2.732%
7/3/2000,4766.6,5.9,0.124%,6.444%
7/10/2000,4776.8,10.2,0.214%,11.127%
7/17/2000,4773.6,-3.2,-0.067%,-3.484%
7/24/2000,4782.4,8.8,0.184%,9.586%
7/31/2000,4786.2,3.8,0.079%,4.132%
8/7/2000,4794.3,8.1,0.169%,8.800%
8/14/2000,4794.8,0.5,0.010%,0.542%
8/21/2000,4811.1,16.3,0.340%,17.677%
8/28/2000,4816.9,5.8,0.121%,6.269%
9/4/2000,4828.2,11.3,0.235%,12.199%
9/11/2000,4838.6,10.4,0.215%,11.201%
9/18/2000,4843.5,4.9,0.101%,5.266%
9/25/2000,4844.2,0.7,0.014%,0.752%
10/2/2000,4854.2,10,0.206%,10.734%
10/9/2000,4859,4.8,0.099%,5.142%
10/16/2000,4859.5,0.5,0.010%,0.535%
10/23/2000,4858.8,-0.7,-0.014%,-0.749%
10/30/2000,4856.4,-2.4,-0.049%,-2.569%
11/6/2000,4859.3,2.9,0.060%,3.105%
11/13/2000,4860.8,1.5,0.031%,1.605%
11/20/2000,4865.5,4.7,0.097%,5.028%
11/27/2000,4880.6,15.1,0.310%,16.138%
12/4/2000,4888.2,7.6,0.156%,8.097%
12/11/2000,4895,6.8,0.139%,7.234%
12/18/2000,4908.2,13.2,0.270%,14.022%
12/25/2000,4923.6,15.4,0.314%,16.316%
1/1/2001,4947.5,23.9,0.485%,25.242%
1/8/2001,4953.5,6,0.121%,6.306%
1/15/2001,4964.9,11.4,0.230%,11.967%
1/22/2001,4971.5,6.6,0.133%,6.913%
1/29/2001,4964.1,-7.4,-0.149%,-7.740%
2/5/2001,4984,19.9,0.401%,20.846%
2/12/2001,4992.2,8.2,0.165%,8.555%
2/19/2001,5000.3,8.1,0.162%,8.437%
2/26/2001,5017.8,17.5,0.350%,18.199%
3/5/2001,5040.7,22.9,0.456%,23.732%
3/12/2001,5046.7,6,0.119%,6.190%
3/19/2001,5052.2,5.5,0.109%,5.667%
3/26/2001,5072.5,20.3,0.402%,20.894%
4/2/2001,5094.2,21.7,0.428%,22.245%
4/9/2001,5115.9,21.7,0.426%,22.151%
4/16/2001,5132.1,16.2,0.317%,16.466%
4/23/2001,5137.4,5.3,0.103%,5.370%
4/30/2001,5121,-16.4,-0.319%,-16.600%
5/7/2001,5114.3,-6.7,-0.131%,-6.803%
5/14/2001,5113.2,-1.1,-0.022%,-1.118%
5/21/2001,5124.1,10.9,0.213%,11.085%
5/28/2001,5119.7,-4.4,-0.086%,-4.465%
6/4/2001,5150.1,30.4,0.594%,30.877%
6/11/2001,5154.4,4.3,0.083%,4.342%
6/18/2001,5164.7,10.3,0.200%,10.391%
6/25/2001,5161.5,-3.2,-0.062%,-3.222%
7/2/2001,5175.3,13.8,0.267%,13.903%
7/9/2001,5179.4,4.1,0.079%,4.120%
7/16/2001,5192.7,13.3,0.257%,13.353%
7/23/2001,5193.7,1,0.019%,1.001%
7/30/2001,5201.2,7.5,0.144%,7.509%
8/6/2001,5210.9,9.7,0.186%,9.698%
8/13/2001,5220,9.1,0.175%,9.081%
8/20/2001,5226,6,0.115%,5.977%
8/27/2001,5231.4,5.4,0.103%,5.373%
9/3/2001,5243.5,12.1,0.231%,12.027%
9/10/2001,5265.5,22,0.420%,21.817%
9/17/2001,5436.1,170.6,3.240%,168.478%
9/24/2001,5354.4,-81.7,-1.503%,-78.152%
10/1/2001,5329.4,-25,-0.467%,-24.279%
10/8/2001,5320.4,-9,-0.169%,-8.781%
10/15/2001,5319.7,-0.7,-0.013%,-0.684%
10/22/2001,5322,2.3,0.043%,2.248%
10/29/2001,5329.4,7.4,0.139%,7.230%
11/5/2001,5350.3,20.9,0.392%,20.393%
11/12/2001,5357.4,7.1,0.133%,6.901%
11/19/2001,5366.4,9,0.168%,8.736%
11/26/2001,5383.3,16.9,0.315%,16.376%
12/3/2001,5388.6,5.3,0.098%,5.120%
12/10/2001,5413.2,24.6,0.457%,23.739%
12/17/2001,5430.6,17.4,0.321%,16.715%
12/24/2001,5418.9,-11.7,-0.215%,-11.203%
12/31/2001,5438.1,19.2,0.354%,18.424%
1/7/2002,5436.2,-1.9,-0.035%,-1.817%
1/14/2002,5437.9,1.7,0.031%,1.626%
1/21/2002,5438.5,0.6,0.011%,0.574%
1/28/2002,5447.1,8.6,0.158%,8.223%
2/4/2002,5461.1,14,0.257%,13.365%
2/11/2002,5466.8,5.7,0.104%,5.427%
2/18/2002,5469.7,2.9,0.053%,2.758%
2/25/2002,5478.3,8.6,0.157%,8.176%
3/4/2002,5484,5.7,0.104%,5.410%
3/11/2002,5484.4,0.4,0.007%,0.379%
3/18/2002,5482.9,-1.5,-0.027%,-1.422%
3/25/2002,5477.2,-5.7,-0.104%,-5.406%
4/1/2002,5489.8,12.6,0.230%,11.962%
4/8/2002,5476,-13.8,-0.251%,-13.072%
4/15/2002,5488,12,0.219%,11.395%
4/22/2002,5483.2,-4.8,-0.087%,-4.548%
4/29/2002,5484.2,1,0.018%,0.948%
5/6/2002,5496.2,12,0.219%,11.378%
5/13/2002,5505.1,8.9,0.162%,8.420%
5/20/2002,5515,9.9,0.180%,9.351%
5/27/2002,5519.3,4.3,0.078%,4.054%
6/3/2002,5509.7,-9.6,-0.174%,-9.045%
6/10/2002,5523.3,13.6,0.247%,12.836%
6/17/2002,5533.9,10.6,0.192%,9.980%
6/24/2002,5539.4,5.5,0.099%,5.168%
7/1/2002,5554.2,14.8,0.267%,13.893%
7/8/2002,5548.7,-5.5,-0.099%,-5.149%
7/15/2002,5568.4,19.7,0.355%,18.462%
7/22/2002,5582.3,13.9,0.250%,12.980%
7/29/2002,5602,19.7,0.353%,18.351%
8/5/2002,5610.2,8.2,0.146%,7.612%
8/12/2002,5616.4,6.2,0.111%,5.747%
8/19/2002,5618.2,1.8,0.032%,1.667%
8/26/2002,5623.1,4.9,0.087%,4.535%
9/2/2002,5629.2,6.1,0.108%,5.641%
9/9/2002,5638.6,9.4,0.167%,8.683%
9/16/2002,5644.3,5.7,0.101%,5.257%
9/23/2002,5641,-3.3,-0.058%,-3.040%
9/30/2002,5655.2,14.2,0.252%,13.090%
10/7/2002,5662.1,6.9,0.122%,6.345%
10/14/2002,5676.8,14.7,0.260%,13.500%
10/21/2002,5693,16.2,0.285%,14.839%
10/28/2002,5706.2,13.2,0.232%,12.057%
11/4/2002,5723.7,17.5,0.307%,15.948%
11/11/2002,5732,8.3,0.145%,7.541%
11/18/2002,5743.3,11.3,0.197%,10.251%
11/25/2002,5735,-8.3,-0.145%,-7.515%
12/2/2002,5756.9,21.9,0.382%,19.857%
12/9/2002,5751.1,-5.8,-0.101%,-5.239%
12/16/2002,5764.2,13.1,0.228%,11.845%
12/23/2002,5760.2,-4,-0.069%,-3.608%
12/30/2002,5762.3,2.1,0.036%,1.896%
1/6/2003,5773,10.7,0.186%,9.656%
1/13/2003,5783.3,10.3,0.178%,9.278%
1/20/2003,5797.4,14.1,0.244%,12.678%
1/27/2003,5806.4,9,0.155%,8.073%
2/3/2003,5803.6,-2.8,-0.048%,-2.508%
2/10/2003,5825.9,22.3,0.384%,19.981%
2/17/2003,5847,21.1,0.362%,18.833%
2/24/2003,5823,-24,-0.410%,-21.344%
3/3/2003,5828.7,5.7,0.098%,5.090%
3/10/2003,5844.5,15.8,0.271%,14.096%
3/17/2003,5855.7,11.2,0.192%,9.965%
3/24/2003,5847.6,-8.1,-0.138%,-7.193%
3/31/2003,5858.1,10.5,0.180%,9.337%
4/7/2003,5867.7,9.6,0.164%,8.522%
4/14/2003,5874.5,6.8,0.116%,6.026%
4/21/2003,5873.5,-1,-0.017%,-0.885%
4/28/2003,5912.9,39.4,0.671%,34.882%
5/5/2003,5947.3,34.4,0.582%,30.252%
5/12/2003,5946.3,-1,-0.017%,-0.874%
5/19/2003,5938.8,-7.5,-0.126%,-6.559%
5/26/2003,5947.3,8.5,0.143%,7.443%
6/2/2003,5956.5,9.2,0.155%,8.044%
6/9/2003,5963.7,7.2,0.121%,6.286%
6/16/2003,5985.3,21.6,0.362%,18.834%
6/23/2003,5988.7,3.4,0.057%,2.954%
6/30/2003,6003.4,14.7,0.245%,12.764%
7/7/2003,6022.5,19.1,0.318%,16.544%
7/14/2003,6017.9,-4.6,-0.076%,-3.972%
7/21/2003,6024.6,6.7,0.111%,5.789%
7/28/2003,6035.5,10.9,0.181%,9.408%
8/4/2003,6075.9,40.4,0.669%,34.807%
8/11/2003,6083.5,7.6,0.125%,6.504%
8/18/2003,6118.7,35.2,0.579%,30.088%
8/25/2003,6071.3,-47.4,-0.775%,-40.283%
9/1/2003,6085.7,14.4,0.237%,12.333%
9/8/2003,6071.3,-14.4,-0.237%,-12.304%
9/15/2003,6066,-5.3,-0.087%,-4.539%
9/22/2003,6053.1,-12.9,-0.213%,-11.058%
9/29/2003,6048.8,-4.3,-0.071%,-3.694%
10/6/2003,6044.8,-4,-0.066%,-3.439%
10/13/2003,6051.1,6.3,0.104%,5.420%
10/20/2003,6054.9,3.8,0.063%,3.266%
10/27/2003,6055.7,0.8,0.013%,0.687%
11/3/2003,6044.4,-11.3,-0.187%,-9.703%
11/10/2003,6057.5,13.1,0.217%,11.270%
11/17/2003,6061.8,4.3,0.071%,3.691%
11/24/2003,6049.6,-12.2,-0.201%,-10.466%
12/1/2003,6061.1,11.5,0.190%,9.885%
12/8/2003,6052.5,-8.6,-0.142%,-7.378%
12/15/2003,6054.1,1.6,0.026%,1.375%
12/22/2003,6056.4,2.3,0.038%,1.976%
12/29/2003,6053.1,-3.3,-0.054%,-2.833%
1/5/2004,6053,-0.1,-0.002%,-0.086%
1/12/2004,6051.7,-1.3,-0.021%,-1.117%
1/19/2004,6056.6,4.9,0.081%,4.210%
1/26/2004,6071,14.4,0.238%,12.363%
2/2/2004,6084.8,13.8,0.227%,11.820%
2/9/2004,6084.6,-0.2,-0.003%,-0.171%
2/16/2004,6103.4,18.8,0.309%,16.067%
2/23/2004,6107.8,4.4,0.072%,3.749%
3/1/2004,6117.5,9.7,0.159%,8.258%
3/8/2004,6112.5,-5,-0.082%,-4.250%
3/15/2004,6128.3,15.8,0.258%,13.441%
3/22/2004,6148.6,20.3,0.331%,17.225%
3/29/2004,6156.1,7.5,0.122%,6.343%
4/5/2004,6161.7,5.6,0.091%,4.730%
4/12/2004,6160.2,-1.5,-0.024%,-1.266%
4/19/2004,6163.6,3.4,0.055%,2.870%
4/26/2004,6195.8,32.2,0.522%,27.166%
5/3/2004,6226.4,30.6,0.494%,25.682%
5/10/2004,6247.5,21.1,0.339%,17.622%
5/17/2004,6269.2,21.7,0.347%,18.062%
5/24/2004,6256.2,-13,-0.207%,-10.783%
5/31/2004,6259.4,3.2,0.051%,2.660%
6/7/2004,6250.1,-9.3,-0.149%,-7.726%
6/14/2004,6259.4,9.3,0.149%,7.737%
6/21/2004,6260.6,1.2,0.019%,0.997%
6/28/2004,6259.3,-1.3,-0.021%,-1.080%
7/5/2004,6256.5,-2.8,-0.045%,-2.326%
7/12/2004,6269.4,12.9,0.206%,10.722%
7/19/2004,6268,-1.4,-0.022%,-1.161%
7/26/2004,6278.2,10.2,0.163%,8.462%
8/2/2004,6281.8,3.6,0.057%,2.982%
8/9/2004,6285.9,4.1,0.065%,3.394%
8/16/2004,6301.5,15.6,0.248%,12.905%
8/23/2004,6305.5,4,0.063%,3.301%
8/30/2004,6298.2,-7.3,-0.116%,-6.020%
9/6/2004,6308.5,10.3,0.164%,8.504%
9/13/2004,6320.8,12.3,0.195%,10.139%
9/20/2004,6341.5,20.7,0.327%,17.029%
9/27/2004,6348.8,7.3,0.115%,5.986%
10/4/2004,6341.2,-7.6,-0.120%,-6.225%
10/11/2004,6348.6,7.4,0.117%,6.068%
10/18/2004,6355.1,6.5,0.102%,5.324%
10/25/2004,6368,12.9,0.203%,10.555%
11/1/2004,6381.7,13.7,0.215%,11.187%
11/8/2004,6374.6,-7.1,-0.111%,-5.785%
11/15/2004,6387.2,12.6,0.198%,10.278%
11/22/2004,6393.6,6.4,0.100%,5.210%
11/29/2004,6390,-3.6,-0.056%,-2.928%
12/6/2004,6392.9,2.9,0.045%,2.360%
12/13/2004,6399.6,6.7,0.105%,5.450%
12/20/2004,6416.1,16.5,0.258%,13.407%
12/27/2004,6419.3,3.2,0.050%,2.593%
1/3/2005,6374.9,-44.4,-0.692%,-35.967%
1/10/2005,6384.6,9.7,0.152%,7.912%
1/17/2005,6403.5,18.9,0.296%,15.393%
1/24/2005,6405.6,2.1,0.033%,1.705%
1/31/2005,6402.4,-3.2,-0.050%,-2.598%
2/7/2005,6412.6,10.2,0.159%,8.284%
2/14/2005,6413.2,0.6,0.009%,0.487%
2/21/2005,6427.8,14.6,0.228%,11.838%
2/28/2005,6424.7,-3.1,-0.048%,-2.508%
3/7/2005,6419.3,-5.4,-0.084%,-4.371%
3/14/2005,6422.4,3.1,0.048%,2.511%
3/21/2005,6431.1,8.7,0.135%,7.044%
3/28/2005,6438.1,7,0.109%,5.660%
4/4/2005,6436.4,-1.7,-0.026%,-1.373%
4/11/2005,6435.8,-0.6,-0.009%,-0.485%
4/18/2005,6443.8,8,0.124%,6.464%
4/25/2005,6445.5,1.7,0.026%,1.372%
5/2/2005,6451.6,6.1,0.095%,4.921%
5/9/2005,6459.6,8,0.124%,6.448%
5/16/2005,6458.7,-0.9,-0.014%,-0.725%
5/23/2005,6462.7,4,0.062%,3.220%
5/30/2005,6459.3,-3.4,-0.053%,-2.736%
6/6/2005,6470.9,11.6,0.180%,9.338%
6/13/2005,6480.8,9.9,0.153%,7.956%
6/20/2005,6501.5,20.7,0.319%,16.609%
6/27/2005,6508.2,6.7,0.103%,5.359%
7/4/2005,6503.1,-5.1,-0.078%,-4.075%
7/11/2005,6505.5,2.4,0.037%,1.919%
7/18/2005,6521.6,16.1,0.247%,12.869%
7/25/2005,6534.5,12.9,0.198%,10.286%
8/1/2005,6549.3,14.8,0.226%,11.777%
8/8/2005,6545.1,-4.2,-0.064%,-3.335%
8/15/2005,6552.8,7.7,0.118%,6.118%
8/22/2005,6566.1,13.3,0.203%,10.554%
8/29/2005,6558.8,-7.3,-0.111%,-5.781%
9/5/2005,6573.5,14.7,0.224%,11.655%
9/12/2005,6578.6,5.1,0.078%,4.034%
9/19/2005,6594.5,15.9,0.242%,12.568%
9/26/2005,6603.6,9.1,0.138%,7.176%
10/3/2005,6604.1,0.5,0.008%,0.394%
10/10/2005,6614.4,10.3,0.156%,8.110%
10/17/2005,6630.5,16.1,0.243%,12.657%
10/24/2005,6634.8,4.3,0.065%,3.372%
10/31/2005,6628,-6.8,-0.102%,-5.329%
11/7/2005,6629.5,1.5,0.023%,1.177%
11/14/2005,6636.9,7.4,0.112%,5.804%
11/21/2005,6652.7,15.8,0.238%,12.379%
11/28/2005,6642.6,-10.1,-0.152%,-7.895%
12/5/2005,6651.7,9.1,0.137%,7.124%
12/12/2005,6658.1,6.4,0.096%,5.003%
12/19/2005,6669.9,11.8,0.177%,9.216%
12/26/2005,6677.1,7.2,0.108%,5.613%
1/2/2006,6682.9,5.8,0.087%,4.517%
1/9/2006,6700.7,17.8,0.266%,13.850%
1/16/2006,6713.1,12.4,0.185%,9.623%
1/23/2006,6723.3,10.2,0.152%,7.901%
1/30/2006,6712.3,-11,-0.164%,-8.508%
2/6/2006,6714.9,2.6,0.039%,2.014%
2/13/2006,6720.4,5.5,0.082%,4.259%
2/20/2006,6744,23.6,0.351%,18.261%
2/27/2006,6754.5,10.5,0.156%,8.096%
3/6/2006,6752,-2.5,-0.037%,-1.925%
3/13/2006,6737.7,-14.3,-0.212%,-11.013%
3/20/2006,6746.8,9.1,0.135%,7.023%
3/27/2006,6756.9,10.1,0.150%,7.784%
4/3/2006,6756.2,-0.7,-0.010%,-0.539%
4/10/2006,6772.1,15.9,0.235%,12.238%
4/17/2006,6790.6,18.5,0.273%,14.205%
4/24/2006,6801.6,11,0.162%,8.423%
5/1/2006,6795.7,-5.9,-0.087%,-4.511%
5/8/2006,6775,-20.7,-0.305%,-15.839%
5/15/2006,6790.3,15.3,0.226%,11.743%
5/22/2006,6802.5,12.2,0.180%,9.343%
5/29/2006,6799.7,-2.8,-0.041%,-2.140%
6/5/2006,6807.3,7.6,0.112%,5.812%
6/12/2006,6818.7,11.4,0.167%,8.708%
6/19/2006,6830.3,11.6,0.170%,8.846%
6/26/2006,6850.3,20,0.293%,15.226%
7/3/2006,6849.8,-0.5,-0.007%,-0.380%
7/10/2006,6869.3,19.5,0.285%,14.803%
7/17/2006,6877.2,7.9,0.115%,5.980%
7/24/2006,6880.8,3.6,0.052%,2.722%
7/31/2006,6872.3,-8.5,-0.124%,-6.424%
8/7/2006,6883.1,10.8,0.157%,8.172%
8/14/2006,6891.5,8.4,0.122%,6.346%
8/21/2006,6916.1,24.6,0.357%,18.562%
8/28/2006,6914.3,-1.8,-0.026%,-1.353%
9/4/2006,6922.8,8.5,0.123%,6.393%
9/11/2006,6922.2,-0.6,-0.009%,-0.451%
9/18/2006,6924.8,2.6,0.038%,1.953%
9/25/2006,6936.3,11.5,0.166%,8.636%
10/2/2006,6947.8,11.5,0.166%,8.621%
10/9/2006,6972.7,24.9,0.358%,18.636%
10/16/2006,6980.4,7.7,0.110%,5.742%
10/23/2006,6987.2,6.8,0.097%,5.066%
10/30/2006,6984.8,-2.4,-0.034%,-1.786%
11/6/2006,6994.5,9.7,0.139%,7.221%
11/13/2006,6999.9,5.4,0.077%,4.015%
11/20/2006,7014.5,14.6,0.209%,10.846%
11/27/2006,7037.7,23.2,0.331%,17.199%
12/4/2006,7033,-4.7,-0.067%,-3.473%
12/11/2006,7038.5,5.5,0.078%,4.067%
12/18/2006,7049.4,10.9,0.155%,8.053%
12/25/2006,7076,26.6,0.377%,19.622%
1/1/2007,7083.9,7.9,0.112%,5.806%
1/8/2007,7085.1,1.2,0.017%,0.881%
1/15/2007,7102.8,17.7,0.250%,12.991%
1/22/2007,7098.8,-4,-0.056%,-2.928%
1/29/2007,7094.8,-4,-0.056%,-2.930%
2/5/2007,7102.8,8,0.113%,5.863%
2/12/2007,7103.8,1,0.014%,0.732%
2/19/2007,7109.2,5.4,0.076%,3.953%
2/26/2007,7127.2,18,0.253%,13.166%
3/5/2007,7111,-16.2,-0.227%,-11.820%
3/12/2007,7121.2,10.2,0.143%,7.459%
3/19/2007,7135.8,14.6,0.205%,10.661%
3/26/2007,7173.4,37.6,0.527%,27.400%
4/2/2007,7186.5,13.1,0.183%,9.496%
4/9/2007,7202.4,15.9,0.221%,11.505%
4/16/2007,7221.2,18.8,0.261%,13.573%
4/23/2007,7236.1,14.9,0.206%,10.730%
4/30/2007,7218.5,-17.6,-0.243%,-12.648%
5/7/2007,7222,3.5,0.048%,2.521%
5/14/2007,7224.1,2.1,0.029%,1.512%
5/21/2007,7236.4,12.3,0.170%,8.854%
5/28/2007,7235.9,-0.5,-0.007%,-0.359%
6/4/2007,7244,8.1,0.112%,5.821%
6/11/2007,7253.6,9.6,0.133%,6.891%
6/18/2007,7263,9.4,0.130%,6.739%
6/25/2007,7272.7,9.7,0.134%,6.945%
7/2/2007,7284.9,12.2,0.168%,8.723%
7/9/2007,7279.6,-5.3,-0.073%,-3.783%
7/16/2007,7291,11.4,0.157%,8.143%
7/23/2007,7300,9,0.123%,6.419%
7/30/2007,7306,6,0.082%,4.274%
8/6/2007,7323,17,0.233%,12.100%
8/13/2007,7342.7,19.7,0.269%,13.989%
8/20/2007,7379.7,37,0.504%,26.203%
8/27/2007,7416.9,37.2,0.504%,26.212%
9/3/2007,7395.9,-21,-0.283%,-14.723%
9/10/2007,7384,-11.9,-0.161%,-8.367%
9/17/2007,7388.5,4.5,0.061%,3.169%
9/24/2007,7386.3,-2.2,-0.030%,-1.548%
10/1/2007,7396.2,9.9,0.134%,6.970%
10/8/2007,7402.6,6.4,0.087%,4.500%
10/15/2007,7391.8,-10.8,-0.146%,-7.587%
10/22/2007,7392.9,1.1,0.015%,0.774%
10/29/2007,7423.1,30.2,0.409%,21.242%
11/5/2007,7409.2,-13.9,-0.187%,-9.737%
11/12/2007,7408.5,-0.7,-0.009%,-0.491%
11/19/2007,7427.4,18.9,0.255%,13.266%
11/26/2007,7452.8,25.4,0.342%,17.783%
12/3/2007,7441.4,-11.4,-0.153%,-7.954%
12/10/2007,7453.4,12,0.161%,8.386%
12/17/2007,7456.6,3.2,0.043%,2.233%
12/24/2007,7460.9,4.3,0.058%,2.999%
12/31/2007,7468.2,7.3,0.098%,5.088%
1/7/2008,7464.4,-3.8,-0.051%,-2.646%
1/14/2008,7459.6,-4.8,-0.064%,-3.344%
1/21/2008,7491.2,31.6,0.424%,22.028%
1/28/2008,7525.5,34.3,0.458%,23.809%
2/4/2008,7554,28.5,0.379%,19.693%
2/11/2008,7563,9,0.119%,6.195%
2/18/2008,7565.3,2.3,0.030%,1.581%
2/25/2008,7596.9,31.6,0.418%,21.720%
3/3/2008,7606.9,10,0.132%,6.845%
3/10/2008,7619.8,12.9,0.170%,8.818%
3/17/2008,7644.7,24.9,0.327%,16.993%
3/24/2008,7659.7,15,0.196%,10.203%
3/31/2008,7661,1.3,0.017%,0.883%
4/7/2008,7679.9,18.9,0.247%,12.829%
4/14/2008,7681.9,2,0.026%,1.354%
4/21/2008,7706.7,24.8,0.323%,16.788%
4/28/2008,7675.6,-31.1,-0.404%,-20.984%
5/5/2008,7673.9,-1.7,-0.022%,-1.152%
5/12/2008,7687.7,13.8,0.180%,9.351%
5/19/2008,7694.6,6.9,0.090%,4.667%
5/26/2008,7715,20.4,0.265%,13.786%
6/2/2008,7711.9,-3.1,-0.040%,-2.089%
6/9/2008,7709.6,-2.3,-0.030%,-1.551%
6/16/2008,7711.9,2.3,0.030%,1.551%
6/23/2008,7721.2,9.3,0.121%,6.271%
6/30/2008,7716.6,-4.6,-0.060%,-3.098%
7/7/2008,7738.4,21.8,0.283%,14.690%
7/14/2008,7749.4,11,0.142%,7.392%
7/21/2008,7776,26.6,0.343%,17.849%
7/28/2008,7773.8,-2.2,-0.028%,-1.471%
8/4/2008,7775.7,1.9,0.024%,1.271%
8/11/2008,7781.6,5.9,0.076%,3.946%
8/18/2008,7771.7,-9.9,-0.127%,-6.616%
8/25/2008,7778.6,6.9,0.089%,4.617%
9/1/2008,7771.6,-7,-0.090%,-4.680%
9/8/2008,7752.5,-19.1,-0.246%,-12.780%
9/15/2008,7768.3,15.8,0.204%,10.598%
9/22/2008,7929,160.7,2.069%,107.571%
9/29/2008,7936.1,7.1,0.090%,4.656%
10/6/2008,7905,-31.1,-0.392%,-20.378%
10/13/2008,7947.6,42.6,0.539%,28.023%
10/20/2008,7991.2,43.6,0.549%,28.527%
10/27/2008,7963.6,-27.6,-0.345%,-17.960%
11/3/2008,7956.5,-7.1,-0.089%,-4.636%
11/10/2008,7970.2,13.7,0.172%,8.954%
11/17/2008,7988.3,18.1,0.227%,11.809%
11/24/2008,8017.1,28.8,0.361%,18.747%
12/1/2008,8073.5,56.4,0.703%,36.582%
12/8/2008,8130.8,57.3,0.710%,36.906%
12/15/2008,8171.7,40.9,0.503%,26.157%
12/22/2008,8201.1,29.4,0.360%,18.708%
12/29/2008,8216.5,15.4,0.188%,9.765%
1/5/2009,8248.5,32,0.389%,20.252%
1/12/2009,8243.9,-4.6,-0.056%,-2.900%
1/19/2009,8257.5,13.6,0.165%,8.578%
1/26/2009,8283,25.5,0.309%,16.058%
2/2/2009,8280.1,-2.9,-0.035%,-1.821%
2/9/2009,8283.6,3.5,0.042%,2.198%
2/16/2009,8288.2,4.6,0.056%,2.888%
2/23/2009,8291,2.8,0.034%,1.757%
3/2/2009,8313.2,22.2,0.268%,13.924%
3/9/2009,8350,36.8,0.443%,23.019%
3/16/2009,8384.2,34.2,0.410%,21.298%
3/23/2009,8372.1,-12.1,-0.144%,-7.505%
3/30/2009,8339.6,-32.5,-0.388%,-20.186%
4/6/2009,8340.8,1.2,0.014%,0.748%
4/13/2009,8350.2,9.4,0.113%,5.860%
4/20/2009,8362.5,12.3,0.147%,7.660%
4/27/2009,8370.2,7.7,0.092%,4.788%
5/4/2009,8398.8,28.6,0.342%,17.768%
5/11/2009,8413.5,14.7,0.175%,9.101%
5/18/2009,8414.7,1.2,0.014%,0.742%
5/25/2009,8428.2,13.5,0.160%,8.343%
6/1/2009,8429.1,0.9,0.011%,0.555%
6/8/2009,8439.3,10.2,0.121%,6.292%
6/15/2009,8439,-0.3,-0.004%,-0.185%
6/22/2009,8430.4,-8.6,-0.102%,-5.299%
6/29/2009,8403.4,-27,-0.320%,-16.654%
7/6/2009,8419.3,15.9,0.189%,9.839%
7/13/2009,8422.5,3.2,0.038%,1.976%
7/20/2009,8434.7,12.2,0.145%,7.532%
7/27/2009,8450.5,15.8,0.187%,9.741%
8/3/2009,8434.7,-15.8,-0.187%,-9.723%
8/10/2009,8442.9,8.2,0.097%,5.055%
8/17/2009,8444.3,1.4,0.017%,0.862%
8/24/2009,8417.9,-26.4,-0.313%,-16.257%
8/31/2009,8422.5,4.6,0.055%,2.842%
9/7/2009,8423.8,1.3,0.015%,0.803%
9/14/2009,8436,12.2,0.145%,7.531%
9/21/2009,8434,-2,-0.024%,-1.233%
9/28/2009,8431.1,-2.9,-0.034%,-1.788%
10/5/2009,8435.1,4,0.047%,2.467%
10/12/2009,8448.8,13.7,0.162%,8.446%
10/19/2009,8464.1,15.3,0.181%,9.417%
10/26/2009,8470.7,6.6,0.078%,4.055%
11/2/2009,8469.3,-1.4,-0.017%,-0.859%
11/9/2009,8484.7,15.4,0.182%,9.455%
11/16/2009,8490.8,6.1,0.072%,3.738%
11/23/2009,8491.8,1,0.012%,0.612%
11/30/2009,8491.8,0,0.000%,0.000%
12/7/2009,8505.5,13.7,0.161%,8.389%
12/14/2009,8495.6,-9.9,-0.116%,-6.053%
12/21/2009,8482.4,-13.2,-0.155%,-8.079%
12/28/2009,8469.3,-13.1,-0.154%,-8.031%
1/4/2010,8438.7,-30.6,-0.361%,-18.788%
1/11/2010,8432,-6.7,-0.079%,-4.129%
1/18/2010,8435.6,3.6,0.043%,2.220%
1/25/2010,8454,18.4,0.218%,11.342%
2/1/2010,8468.4,14.4,0.170%,8.857%
2/8/2010,8474,5.6,0.066%,3.439%
2/15/2010,8508.5,34.5,0.407%,21.171%
2/22/2010,8507.7,-0.8,-0.009%,-0.489%
3/1/2010,8495.1,-12.6,-0.148%,-7.701%
3/8/2010,8486.1,-9,-0.106%,-5.509%
3/15/2010,8491.1,5,0.059%,3.064%
3/22/2010,8490.1,-1,-0.012%,-0.612%
3/29/2010,8497.6,7.5,0.088%,4.594%
4/5/2010,8507.9,10.3,0.121%,6.303%
4/12/2010,8515.1,7.2,0.085%,4.401%
4/19/2010,8509.3,-5.8,-0.068%,-3.542%
4/26/2010,8537,27.7,0.326%,16.927%
5/3/2010,8553.3,16.3,0.191%,9.929%
5/10/2010,8563.7,10.4,0.122%,6.323%
5/17/2010,8586.9,23.2,0.271%,14.087%
5/24/2010,8572.9,-14,-0.163%,-8.478%
5/31/2010,8596.6,23.7,0.276%,14.376%
6/7/2010,8596.3,-0.3,-0.003%,-0.181%
6/14/2010,8584.5,-11.8,-0.137%,-7.138%
6/21/2010,8606.3,21.8,0.254%,13.205%
6/28/2010,8605.8,-0.5,-0.006%,-0.302%
7/5/2010,8573.5,-32.3,-0.375%,-19.517%
7/12/2010,8595.5,22,0.257%,13.343%
7/19/2010,8602.1,6.6,0.077%,3.993%
7/26/2010,8623.6,21.5,0.250%,12.997%
8/2/2010,8635.4,11.8,0.137%,7.115%
8/9/2010,8648.5,13.1,0.152%,7.888%
8/16/2010,8656.2,7.7,0.089%,4.630%
8/23/2010,8656.8,0.6,0.007%,0.360%
8/30/2010,8668.3,11.5,0.133%,6.908%
9/6/2010,8673.5,5.2,0.060%,3.119%
9/13/2010,8683.7,10.2,0.118%,6.115%
9/20/2010,8683.2,-0.5,-0.006%,-0.299%
9/27/2010,8697.1,13.9,0.160%,8.324%
10/4/2010,8713.7,16.6,0.191%,9.925%
10/11/2010,8733.6,19.9,0.228%,11.876%
10/18/2010,8740,6.4,0.073%,3.811%
10/25/2010,8741.3,1.3,0.015%,0.773%
11/1/2010,8746.4,5.1,0.058%,3.034%
11/8/2010,8744.4,-2,-0.023%,-1.189%
11/15/2010,8749.7,5.3,0.061%,3.152%
11/22/2010,8761.1,11.4,0.130%,6.775%
11/29/2010,8774,12.9,0.147%,7.657%
12/6/2010,8771,-3,-0.034%,-1.778%
12/13/2010,8783.7,12.7,0.145%,7.529%
12/20/2010,8790.4,6.7,0.076%,3.966%
12/27/2010,8810.7,20.3,0.231%,12.009%
1/3/2011,8787.3,-23.4,-0.266%,-13.810%
1/10/2011,8809,21.7,0.247%,12.841%
1/17/2011,8853.2,44.2,0.502%,26.091%
1/24/2011,8820.7,-32.5,-0.367%,-19.089%
1/31/2011,8837.2,16.5,0.187%,9.727%
2/7/2011,8856.5,19.3,0.218%,11.357%
2/14/2011,8864.5,8,0.090%,4.697%
2/21/2011,8878.6,14.1,0.159%,8.271%
2/28/2011,8885.9,7.3,0.082%,4.275%
3/7/2011,8898.6,12.7,0.143%,7.432%
3/14/2011,8901.4,2.8,0.031%,1.636%
3/21/2011,8920.6,19.2,0.216%,11.216%
3/28/2011,8931.5,10.9,0.122%,6.354%
4/4/2011,8940.6,9.1,0.102%,5.298%
4/11/2011,8950.7,10.1,0.113%,5.874%
4/18/2011,8970.4,19.7,0.220%,11.445%
4/25/2011,9005.2,34.8,0.388%,20.173%
5/2/2011,9018.4,13.2,0.147%,7.622%
5/9/2011,9017,-1.4,-0.016%,-0.807%
5/16/2011,9026.9,9.9,0.110%,5.709%
5/23/2011,9029.3,2.4,0.027%,1.383%
5/30/2011,9044.4,15.1,0.167%,8.696%
6/6/2011,9046,1.6,0.018%,0.920%
6/13/2011,9061,15,0.166%,8.623%
6/20/2011,9103.9,42.9,0.473%,24.620%
6/27/2011,9183,79.1,0.869%,45.181%
7/4/2011,9229.6,46.6,0.507%,26.388%
7/11/2011,9240.5,10.9,0.118%,6.141%
7/18/2011,9266.9,26.4,0.286%,14.856%
7/25/2011,9307.4,40.5,0.437%,22.726%
8/1/2011,9453.9,146.5,1.574%,81.849%
8/8/2011,9480,26.1,0.276%,14.356%
8/15/2011,9509,29,0.306%,15.907%
8/22/2011,9537.3,28.3,0.298%,15.476%
8/29/2011,9537,-0.3,-0.003%,-0.164%
9/5/2011,9535.1,-1.9,-0.020%,-1.036%
9/12/2011,9529.8,-5.3,-0.056%,-2.890%
9/19/2011,9526,-3.8,-0.040%,-2.073%
9/26/2011,9553.4,27.4,0.288%,14.957%
10/3/2011,9563,9.6,0.100%,5.225%
10/10/2011,9570.7,7.7,0.081%,4.187%
10/17/2011,9579.6,8.9,0.093%,4.836%
10/24/2011,9560,-19.6,-0.205%,-10.639%
10/31/2011,9578.7,18.7,0.196%,10.172%
11/7/2011,9602.4,23.7,0.247%,12.866%
11/14/2011,9620.5,18.1,0.188%,9.802%
11/21/2011,9607.8,-12.7,-0.132%,-6.865%
11/28/2011,9614.9,7.1,0.074%,3.843%
12/5/2011,9625.4,10.5,0.109%,5.679%
12/12/2011,9646.8,21.4,0.222%,11.561%
12/19/2011,9638.6,-8.2,-0.085%,-4.420%
12/26/2011,9639.4,0.8,0.008%,0.432%
1/2/2012,9716.5,77.1,0.800%,41.592%
1/9/2012,9723.9,7.4,0.076%,3.960%
1/16/2012,9733.2,9.3,0.096%,4.973%
1/23/2012,9729,-4.2,-0.043%,-2.244%
1/30/2012,9736,7,0.072%,3.741%
2/6/2012,9751.5,15.5,0.159%,8.279%
2/13/2012,9772,20.5,0.210%,10.932%
2/20/2012,9778.1,6.1,0.062%,3.246%
2/27/2012,9779.7,1.6,0.016%,0.851%
3/5/2012,9801.2,21.5,0.220%,11.432%
3/12/2012,9810.9,9.7,0.099%,5.146%
3/19/2012,9805.4,-5.5,-0.056%,-2.915%
3/26/2012,9826.3,20.9,0.213%,11.084%
4/2/2012,9849.2,22.9,0.233%,12.118%
4/9/2012,9865.7,16.5,0.168%,8.711%
4/16/2012,9880.3,14.6,0.148%,7.695%
4/23/2012,9864,-16.3,-0.165%,-8.579%
4/30/2012,9885.1,21.1,0.214%,11.123%
5/7/2012,9899.4,14.3,0.145%,7.522%
5/14/2012,9897.2,-2.2,-0.022%,-1.156%
5/21/2012,9905.7,8.5,0.086%,4.466%
5/28/2012,9905.8,0.1,0.001%,0.052%
6/4/2012,9919.6,13.8,0.139%,7.244%
6/11/2012,9971.7,52.1,0.525%,27.312%
6/18/2012,9974.5,2.8,0.028%,1.460%
6/25/2012,9981.1,6.6,0.066%,3.441%
7/2/2012,10007.4,26.3,0.263%,13.702%
7/9/2012,10030.4,23,0.230%,11.951%
7/16/2012,10051.2,20.8,0.207%,10.783%
7/23/2012,10047,-4.2,-0.042%,-2.173%
7/30/2012,10065.3,18.3,0.182%,9.471%
8/6/2012,10078.1,12.8,0.127%,6.613%
8/13/2012,10115.2,37.1,0.368%,19.142%
8/20/2012,10112.6,-2.6,-0.026%,-1.337%
8/27/2012,10134.8,22.2,0.220%,11.415%
9/3/2012,10161.9,27.1,0.267%,13.905%
9/10/2012,10180.1,18.2,0.179%,9.313%
9/17/2012,10201.3,21.2,0.208%,10.829%
9/24/2012,10196.7,-4.6,-0.045%,-2.345%
10/1/2012,10245.4,48.7,0.478%,24.835%
10/8/2012,10243.9,-1.5,-0.015%,-0.761%
10/15/2012,10251.3,7.4,0.072%,3.756%
10/22/2012,10243.6,-7.7,-0.075%,-3.906%
10/29/2012,10287.7,44.1,0.431%,22.387%
11/5/2012,10336,48.3,0.469%,24.414%
11/12/2012,10306.6,-29.4,-0.284%,-14.791%
11/19/2012,10297,-9.6,-0.093%,-4.843%
11/26/2012,10321,24,0.233%,12.120%
12/3/2012,10361.2,40.2,0.389%,20.254%
12/10/2012,10393.5,32.3,0.312%,16.210%
12/17/2012,10440.3,46.8,0.450%,23.415%
12/24/2012,10470.8,30.5,0.292%,15.191%
12/31/2012,10514.4,43.6,0.416%,21.653%
1/7/2013,10500.5,-13.9,-0.132%,-6.874%
1/14/2013,10472.7,-27.8,-0.265%,-13.767%
1/21/2013,10454.5,-18.2,-0.174%,-9.037%
1/28/2013,10462.2,7.7,0.074%,3.830%
2/4/2013,10458.9,-3.3,-0.032%,-1.640%
2/11/2013,10472.4,13.5,0.129%,6.712%
2/18/2013,10455.4,-17,-0.162%,-8.441%
2/25/2013,10467.6,12.2,0.117%,6.068%
3/4/2013,10502.1,34.5,0.330%,17.139%
3/11/2013,10512.6,10.5,0.100%,5.199%
3/18/2013,10530.7,18.1,0.172%,8.953%
3/25/2013,10548.2,17.5,0.166%,8.641%
4/1/2013,10597,48.8,0.463%,24.057%
4/8/2013,10564.5,-32.5,-0.307%,-15.948%
4/15/2013,10574.3,9.8,0.093%,4.824%
4/22/2013,10572.2,-2.1,-0.020%,-1.033%
4/29/2013,10583.6,11.4,0.108%,5.607%
5/6/2013,10592.4,8.8,0.083%,4.324%
5/13/2013,10607.6,15.2,0.143%,7.462%
5/20/2013,10604.1,-3.5,-0.033%,-1.716%
5/27/2013,10622,17.9,0.169%,8.778%
6/3/2013,10640.2,18.2,0.171%,8.910%
6/10/2013,10658.9,18.7,0.176%,9.139%
6/17/2013,10659.1,0.2,0.002%,0.098%
6/24/2013,10655.1,-4,-0.038%,-1.951%
7/1/2013,10707.1,52,0.488%,25.378%
7/8/2013,10683.9,-23.2,-0.217%,-11.267%
7/15/2013,10711.6,27.7,0.259%,13.482%
7/22/2013,10736.8,25.2,0.235%,12.233%
7/29/2013,10747,10.2,0.095%,4.940%
8/5/2013,10758.7,11.7,0.109%,5.661%
8/12/2013,10773.7,15,0.139%,7.250%
8/19/2013,10764.1,-9.6,-0.089%,-4.634%
8/26/2013,10796.5,32.4,0.301%,15.652%
9/2/2013,10811.6,15.1,0.140%,7.273%
9/9/2013,10803.9,-7.7,-0.071%,-3.703%
9/16/2013,10805.7,1.8,0.017%,0.866%
9/23/2013,10840.3,34.6,0.320%,16.650%
9/30/2013,10888.3,48,0.443%,23.025%
10/7/2013,10892.8,4.5,0.041%,2.149%
10/14/2013,10930.1,37.3,0.342%,17.806%
10/21/2013,10988.5,58.4,0.534%,27.784%
10/28/2013,10967.8,-20.7,-0.188%,-9.796%
11/4/2013,10950.1,-17.7,-0.161%,-8.392%
11/11/2013,10932.5,-17.6,-0.161%,-8.358%
11/18/2013,10938.4,5.9,0.054%,2.806%
11/25/2013,10966.2,27.8,0.254%,13.216%
12/2/2013,10986.1,19.9,0.181%,9.436%
12/9/2013,11003.5,17.4,0.158%,8.236%
12/16/2013,11006.5,3,0.027%,1.418%
12/23/2013,11028.6,22.1,0.201%,10.441%
12/30/2013,11026.7,-1.9,-0.017%,-0.896%
1/6/2014,11036.2,9.5,0.086%,4.480%
1/13/2014,11034.9,-1.3,-0.012%,-0.613%
1/20/2014,11065.1,30.2,0.274%,14.231%
1/27/2014,11102.2,37.1,0.335%,17.435%
2/3/2014,11100.2,-2,-0.018%,-0.937%
2/10/2014,11135.9,35.7,0.322%,16.724%
2/17/2014,11167.4,31.5,0.283%,14.709%
2/24/2014,11162.9,-4.5,-0.040%,-2.095%
3/3/2014,11150,-12.9,-0.116%,-6.009%
3/10/2014,11168.2,18.2,0.163%,8.488%
3/17/2014,11188.1,19.9,0.178%,9.266%
3/24/2014,11210.6,22.5,0.201%,10.458%
3/31/2014,11211.5,0.9,0.008%,0.417%
4/7/2014,11215.6,4.1,0.037%,1.902%
4/14/2014,11236.9,21.3,0.190%,9.876%
4/21/2014,11239.7,2.8,0.025%,1.296%
4/28/2014,11283,43.3,0.385%,20.033%
5/5/2014,11285.2,2.2,0.019%,1.014%
5/12/2014,11296.9,11.7,0.104%,5.391%
5/19/2014,11298.5,1.6,0.014%,0.736%
5/26/2014,11334.5,36,0.319%,16.569%
6/2/2014,11364.7,30.2,0.266%,13.855%
6/9/2014,11347.7,-17,-0.150%,-7.778%
6/16/2014,11356.6,8.9,0.078%,4.078%
6/23/2014,11372.9,16.3,0.144%,7.464%
6/30/2014,11391.8,18.9,0.166%,8.642%
7/7/2014,11385.2,-6.6,-0.058%,-3.013%
7/14/2014,11417.4,32.2,0.283%,14.707%
7/21/2014,11441.3,23.9,0.209%,10.885%
7/28/2014,11456.8,15.5,0.135%,7.045%
8/4/2014,11458.2,1.4,0.012%,0.635%
8/11/2014,11436.3,-21.9,-0.191%,-9.939%
8/18/2014,11451.3,15,0.131%,6.820%
8/25/2014,11466.3,15,0.131%,6.811%
9/1/2014,11479.1,12.8,0.112%,5.805%
9/8/2014,11469.3,-9.8,-0.085%,-4.439%
9/15/2014,11485.8,16.5,0.144%,7.481%
9/22/2014,11495.7,9.9,0.086%,4.482%
9/29/2014,11513.6,17.9,0.156%,8.097%
10/6/2014,11528.6,15,0.130%,6.775%
10/13/2014,11527,-1.6,-0.014%,-0.722%
10/20/2014,11556,29,0.252%,13.082%
10/27/2014,11590.7,34.7,0.300%,15.614%
11/3/2014,11551.3,-39.4,-0.340%,-17.676%
11/10/2014,11582.1,30.8,0.267%,13.865%
11/17/2014,11583.4,1.3,0.011%,0.584%
11/24/2014,11593.5,10.1,0.087%,4.534%
12/1/2014,11625.2,31.7,0.273%,14.218%
12/8/2014,11642.7,17.5,0.151%,7.828%
12/15/2014,11660.2,17.5,0.150%,7.816%
12/22/2014,11679.7,19.5,0.167%,8.696%
12/29/2014,11692.7,13,0.111%,5.788%
1/5/2015,11677.5,-15.2,-0.130%,-6.760%
1/12/2015,11703.9,26.4,0.226%,11.756%
1/19/2015,11714.3,10.4,0.089%,4.621%
1/26/2015,11756.7,42.4,0.362%,18.821%
2/2/2015,11816.6,59.9,0.509%,26.494%
2/9/2015,11824.9,8.3,0.070%,3.652%
2/16/2015,11846,21.1,0.178%,9.279%
2/23/2015,11875.5,29.5,0.249%,12.950%
3/2/2015,11882.5,7,0.059%,3.065%
3/9/2015,11855.2,-27.3,-0.230%,-11.947%
3/16/2015,11864.2,9,0.076%,3.948%
3/23/2015,11868.2,4,0.034%,1.753%
3/30/2015,11880.3,12.1,0.102%,5.302%
4/6/2015,11909.3,29,0.244%,12.693%
4/13/2015,11918.8,9.5,0.080%,4.148%
4/20/2015,11924.5,5.7,0.048%,2.487%
4/27/2015,11913,-11.5,-0.096%,-5.015%
5/4/2015,11916.2,3.2,0.027%,1.397%
5/11/2015,11930.2,14,0.117%,6.109%
5/18/2015,11942.2,12,0.101%,5.230%
5/25/2015,11967.6,25.4,0.213%,11.060%
6/1/2015,11980.7,13.1,0.109%,5.692%
6/8/2015,11960.4,-20.3,-0.169%,-8.811%
6/15/2015,11971.8,11.4,0.095%,4.956%
6/22/2015,12011.3,39.5,0.330%,17.157%
6/29/2015,12029.2,17.9,0.149%,7.749%
7/6/2015,12048,18.8,0.156%,8.127%
7/13/2015,12039.1,-8.9,-0.074%,-3.841%
7/20/2015,12041.7,2.6,0.022%,1.123%
7/27/2015,12057.8,16.1,0.134%,6.953%
8/3/2015,12046.6,-11.2,-0.093%,-4.830%
8/10/2015,12067.2,20.6,0.171%,8.892%
8/17/2015,12099.5,32.3,0.268%,13.919%
8/24/2015,12117.6,18.1,0.150%,7.779%
8/31/2015,12128,10.4,0.086%,4.463%
9/7/2015,12128.4,0.4,0.003%,0.172%
9/14/2015,12151.6,23.2,0.191%,9.947%
9/21/2015,12174.5,22.9,0.188%,9.800%
9/28/2015,12158.5,-16,-0.131%,-6.834%
10/5/2015,12151.2,-7.3,-0.060%,-3.122%
10/12/2015,12151.9,0.7,0.006%,0.300%
10/19/2015,12157.9,6,0.049%,2.567%
10/26/2015,12217.4,59.5,0.489%,25.448%
11/2/2015,12257.7,40.3,0.330%,17.153%
11/9/2015,12262.1,4.4,0.036%,1.867%
11/16/2015,12273.6,11.5,0.094%,4.877%
11/23/2015,12284.7,11.1,0.090%,4.703%
11/30/2015,12280.8,-3.9,-0.032%,-1.651%
12/7/2015,12292.8,12,0.098%,5.081%
12/14/2015,12307.6,14.8,0.120%,6.261%
12/21/2015,12357.8,50.2,0.408%,21.210%
12/28/2015,12356.1,-1.7,-0.014%,-0.715%
1/4/2016,12342.8,-13.3,-0.108%,-5.597%
1/11/2016,12442.2,99.4,0.805%,41.877%
1/18/2016,12453.7,11.5,0.092%,4.806%
1/25/2016,12492.1,38.4,0.308%,16.034%
2/1/2016,12518,25.9,0.207%,10.781%
2/8/2016,12490,-28,-0.224%,-11.631%
2/15/2016,12534,44,0.352%,18.319%
2/22/2016,12559.2,25.2,0.201%,10.455%
2/29/2016,12556.2,-3,-0.024%,-1.242%
3/7/2016,12561.1,4.9,0.039%,2.029%
3/14/2016,12567,5.9,0.047%,2.442%
3/21/2016,12602.2,35.2,0.280%,14.565%
3/28/2016,12642.1,39.9,0.317%,16.464%
4/4/2016,12642.8,0.7,0.006%,0.288%
4/11/2016,12655.4,12.6,0.100%,5.182%
4/18/2016,12676.9,21.5,0.170%,8.834%
4/25/2016,12716.1,39.2,0.309%,16.080%
5/2/2016,12740.9,24.8,0.195%,10.141%
5/9/2016,12743.9,3,0.024%,1.224%
5/16/2016,12752.6,8.7,0.068%,3.550%
5/23/2016,12772.1,19.5,0.153%,7.951%
5/30/2016,12757,-15.1,-0.118%,-6.148%
6/6/2016,12774.8,17.8,0.140%,7.256%
6/13/2016,12822.7,47.9,0.375%,19.498%
6/20/2016,12839.1,16.4,0.128%,6.651%
6/27/2016,12844.2,5.1,0.040%,2.066%
7/4/2016,12839.9,-4.3,-0.033%,-1.741%
7/11/2016,12852.9,13,0.101%,5.265%
7/18/2016,12877.4,24.5,0.191%,9.912%
7/25/2016,12902.8,25.4,0.197%,10.257%
8/1/2016,12926.8,24,0.186%,9.672%
8/8/2016,12945.6,18.8,0.145%,7.563%
8/15/2016,12957.3,11.7,0.090%,4.700%
8/22/2016,12984.8,27.5,0.212%,11.036%
8/29/2016,12988.6,3.8,0.029%,1.522%
9/5/2016,12998.8,10.2,0.079%,4.084%
9/12/2016,13034.4,35.6,0.274%,14.241%
9/19/2016,13030.5,-3.9,-0.030%,-1.556%
9/26/2016,13044,13.5,0.104%,5.387%
10/3/2016,13041.9,-2.1,-0.016%,-0.837%
10/10/2016,13097.4,55.5,0.426%,22.129%
10/17/2016,13093.8,-3.6,-0.027%,-1.429%
10/24/2016,13103,9.2,0.070%,3.654%
10/31/2016,13128,25,0.191%,9.921%
11/7/2016,13121.4,-6.6,-0.050%,-2.614%
11/14/2016,13162.3,40.9,0.312%,16.209%
11/21/2016,13199.6,37.3,0.283%,14.736%
11/28/2016,13189.5,-10.1,-0.077%,-3.979%
12/5/2016,13189.3,-0.2,-0.002%,-0.079%
12/12/2016,13191.6,2.3,0.017%,0.907%
12/19/2016,13197.9,6.3,0.048%,2.483%
12/26/2016,13203.3,5.4,0.041%,2.128%
1/2/2017,13214.2,10.9,0.083%,4.293%
1/9/2017,13257.3,43.1,0.326%,16.961%
1/16/2017,13274.1,16.8,0.127%,6.590%
1/23/2017,13292.6,18.5,0.139%,7.247%
1/30/2017,13289.6,-3,-0.023%,-1.174%
2/6/2017,13313.8,24.2,0.182%,9.469%
2/13/2017,13324.7,10.9,0.082%,4.257%
2/20/2017,13342.1,17.4,0.131%,6.790%
2/27/2017,13375.6,33.5,0.251%,13.056%
3/6/2017,13371.7,-3.9,-0.029%,-1.516%
3/13/2017,13406.8,35.1,0.262%,13.650%
3/20/2017,13422.9,16.1,0.120%,6.245%
3/27/2017,13431.8,8.9,0.066%,3.448%
4/3/2017,13423.7,-8.1,-0.060%,-3.136%
4/10/2017,13461.7,38,0.283%,14.720%
4/17/2017,13465.9,4.2,0.031%,1.622%
4/24/2017,13492,26.1,0.194%,10.079%
5/1/2017,13516.3,24.3,0.180%,9.366%
5/8/2017,13502.3,-14,-0.104%,-5.386%
5/15/2017,13516.6,14.3,0.106%,5.507%
5/22/2017,13547.2,30.6,0.226%,11.772%
5/29/2017,13553.5,6.3,0.047%,2.418%
6/5/2017,13545.6,-7.9,-0.058%,-3.031%
6/12/2017,13549,3.4,0.025%,1.305%
6/19/2017,13551.2,2.2,0.016%,0.844%
6/26/2017,13581.1,29.9,0.221%,11.474%
7/3/2017,13562.1,-19,-0.140%,-7.275%
7/10/2017,13607.5,45.4,0.335%,17.407%
7/17/2017,13620,12.5,0.092%,4.777%
7/24/2017,13628.5,8.5,0.062%,3.245%
7/31/2017,13640.8,12.3,0.090%,4.693%
8/7/2017,13646.9,6.1,0.045%,2.325%
8/14/2017,13651,4.1,0.030%,1.562%
8/21/2017,13687.3,36.3,0.266%,13.828%
8/28/2017,13702,14.7,0.107%,5.585%
9/4/2017,13692,-10,-0.073%,-3.795%
9/11/2017,13706.8,14.8,0.108%,5.621%
9/18/2017,13708,1.2,0.009%,0.455%
9/25/2017,13725.4,17.4,0.127%,6.601%
10/2/2017,13748.2,22.8,0.166%,8.638%
10/9/2017,13773.7,25.5,0.185%,9.645%
10/16/2017,13762.3,-11.4,-0.083%,-4.304%
10/23/2017,13765.8,3.5,0.025%,1.322%
10/30/2017,13778,12.2,0.089%,4.609%
11/6/2017,13781.4,3.4,0.025%,1.283%
11/13/2017,13787.4,6,0.044%,2.264%
11/20/2017,13785.5,-1.9,-0.014%,-0.717%
11/27/2017,13814.6,29.1,0.211%,10.977%
12/4/2017,13806.2,-8.4,-0.061%,-3.162%
12/11/2017,13841.9,35.7,0.259%,13.446%
12/18/2017,13852.4,10.5,0.076%,3.945%
12/25/2017,13830.2,-22.2,-0.160%,-8.334%
1/1/2018,13834.7,4.5,0.033%,1.692%
1/8/2018,13844.1,9.4,0.068%,3.533%
1/15/2018,13851.2,7.1,0.051%,2.667%
1/22/2018,13864.9,13.7,0.099%,5.143%
1/29/2018,13869.8,4.9,0.035%,1.838%
2/5/2018,13881.5,11.7,0.084%,4.387%
2/12/2018,13875.1,-6.4,-0.046%,-2.397%
2/19/2018,13884.9,9.8,0.071%,3.673%
2/26/2018,13914.4,29.5,0.212%,11.048%
3/5/2018,13935.6,21.2,0.152%,7.923%
3/12/2018,13938.8,3.2,0.023%,1.194%
3/19/2018,13942.4,3.6,0.026%,1.343%
3/26/2018,13970.3,27.9,0.200%,10.406%
4/2/2018,13978.8,8.5,0.061%,3.164%
4/9/2018,13972.1,-6.7,-0.048%,-2.492%
4/16/2018,13978.2,6.1,0.044%,2.270%
4/23/2018,14004.1,25.9,0.185%,9.635%
4/30/2018,14005.3,1.2,0.009%,0.446%
5/7/2018,14016.8,11.5,0.082%,4.270%
5/14/2018,14039.4,22.6,0.161%,8.384%
5/21/2018,14061.4,22,0.157%,8.148%
5/28/2018,14085.1,23.7,0.169%,8.764%
6/4/2018,14093.7,8.6,0.061%,3.175%
6/11/2018,14105.2,11.5,0.082%,4.243%
6/18/2018,14122.2,17,0.121%,6.267%
6/25/2018,14131.8,9.6,0.068%,3.535%
7/2/2018,14142,10.2,0.072%,3.753%
7/9/2018,14137.8,-4.2,-0.030%,-1.544%
7/16/2018,14158.1,20.3,0.144%,7.467%
7/23/2018,14160.3,2.2,0.016%,0.808%
7/30/2018,14158.6,-1.7,-0.012%,-0.624%
8/6/2018,14155.5,-3.1,-0.022%,-1.139%
8/13/2018,14182.3,26.8,0.189%,9.845%
8/20/2018,14198.8,16.5,0.116%,6.050%
8/27/2018,14227.7,28.9,0.204%,10.584%
9/3/2018,14228.2,0.5,0.004%,0.183%
9/10/2018,14207.7,-20.5,-0.144%,-7.492%
9/17/2018,14227,19.3,0.136%,7.064%
9/24/2018,14235.8,8.8,0.062%,3.216%
10/1/2018,14246,10.2,0.072%,3.726%
10/8/2018,14217.1,-28.9,-0.203%,-10.549%
10/15/2018,14232,14.9,0.105%,5.450%
10/22/2018,14246.3,14.3,0.100%,5.225%
10/29/2018,14248,1.7,0.012%,0.621%
11/5/2018,14223.6,-24.4,-0.171%,-8.905%
11/12/2018,14220.2,-3.4,-0.024%,-1.243%
11/19/2018,14242.6,22.4,0.158%,8.191%
11/26/2018,14256.8,14.2,0.100%,5.184%
12/3/2018,14301.7,44.9,0.315%,16.377%
12/10/2018,14319.3,17.6,0.123%,6.399%
12/17/2018,14313.1,-6.2,-0.043%,-2.252%
12/24/2018,14383.2,70.1,0.490%,25.468%
12/31/2018,14412.9,29.7,0.206%,10.738%
1/7/2019,14407.7,-5.2,-0.036%,-1.876%
1/14/2019,14419.1,11.4,0.079%,4.114%
1/21/2019,14429.8,10.7,0.074%,3.859%
1/28/2019,14472.1,42.3,0.293%,15.243%
2/4/2019,14457.6,-14.5,-0.100%,-5.210%
2/11/2019,14462.4,4.8,0.033%,1.726%
2/18/2019,14453,-9.4,-0.065%,-3.380%
2/25/2019,14471.3,18.3,0.127%,6.584%
3/4/2019,14487.5,16.2,0.112%,5.821%
3/11/2019,14499.7,12.2,0.084%,4.379%
3/18/2019,14496.4,-3.3,-0.023%,-1.183%
3/25/2019,14520.7,24.3,0.168%,8.717%
4/1/2019,14549.7,29,0.200%,10.385%
4/8/2019,14542.4,-7.3,-0.050%,-2.609%
4/15/2019,14553.8,11.4,0.078%,4.076%
4/22/2019,14544.4,-9.4,-0.065%,-3.359%
4/29/2019,14588.9,44.5,0.306%,15.910%
5/6/2019,14604.9,16,0.110%,5.703%
5/13/2019,14612.9,8,0.055%,2.848%
5/20/2019,14654,41.1,0.281%,14.625%
5/27/2019,14696.7,42.7,0.291%,15.152%
6/3/2019,14727,30.3,0.206%,10.721%
6/10/2019,14752.3,25.3,0.172%,8.933%
6/17/2019,14778.9,26.6,0.180%,9.376%
6/24/2019,14798.1,19.2,0.130%,6.756%
7/1/2019,14831.9,33.8,0.228%,11.877%
7/8/2019,14833.8,1.9,0.013%,0.666%
7/15/2019,14829,-4.8,-0.032%,-1.683%
7/22/2019,14869.4,40.4,0.272%,14.167%
7/29/2019,14903.6,34.2,0.230%,11.960%
8/5/2019,14920.7,17.1,0.115%,5.966%
8/12/2019,14921.5,0.8,0.005%,0.279%
8/19/2019,14921.4,-0.1,-0.001%,-0.035%
8/26/2019,14938.2,16.8,0.113%,5.855%
9/2/2019,14972.6,34.4,0.230%,11.975%
9/9/2019,14981.1,8.5,0.057%,2.952%
9/16/2019,14992.5,11.4,0.076%,3.957%
9/23/2019,15045.7,53.2,0.355%,18.452%
9/30/2019,15086.4,40.7,0.271%,14.066%
10/7/2019,15110.5,24.1,0.160%,8.307%
10/14/2019,15116.9,6.4,0.042%,2.202%
10/21/2019,15155.9,39,0.258%,13.415%
10/28/2019,15189.1,33.2,0.219%,11.391%
11/4/2019,15212.9,23.8,0.157%,8.148%
11/11/2019,15219.8,6.9,0.045%,2.359%
11/18/2019,15251.5,31.7,0.208%,10.831%
11/25/2019,15282.4,30.9,0.203%,10.535%
12/2/2019,15281.1,-1.3,-0.009%,-0.442%
12/9/2019,15261.7,-19.4,-0.127%,-6.602%
12/16/2019,15316.1,54.4,0.356%,18.535%
12/23/2019,15326.1,10,0.065%,3.395%
12/30/2019,15333.5,7.4,0.048%,2.511%
1/6/2020,15337.7,4.2,0.027%,1.424%
1/13/2020,15371.5,33.8,0.220%,11.459%
1/20/2020,15423.3,51.8,0.337%,17.523%
1/27/2020,15445.4,22.1,0.143%,7.451%
2/3/2020,15428.3,-17.1,-0.111%,-5.757%
2/10/2020,15432.5,4.2,0.027%,1.416%
2/17/2020,15443,10.5,0.068%,3.538%
2/24/2020,15434.2,-8.8,-0.057%,-2.963%
3/2/2020,15512.9,78.7,0.510%,26.515%
3/9/2020,15567.4,54.5,0.351%,18.269%
3/16/2020,15726,158.6,1.019%,52.977%
3/23/2020,16151.4,425.4,2.705%,140.664%
3/30/2020,16533.5,382.1,2.366%,123.018%
4/6/2020,16596.3,62.8,0.380%,19.751%
4/13/2020,16716.4,120.1,0.724%,37.630%
4/20/2020,17076.6,360.2,2.155%,112.048%
4/27/2020,17406.6,330,1.932%,100.488%
5/4/2020,17600.2,193.6,1.112%,57.836%
5/11/2020,17819.5,219.3,1.246%,64.792%
5/18/2020,17909.8,90.3,0.507%,26.351%
5/25/2020,17938.7,28.9,0.161%,8.391%
6/1/2020,17973.5,34.8,0.194%,10.088%
6/8/2020,18062.9,89.4,0.497%,25.865%
6/15/2020,18139.1,76.2,0.422%,21.937%
6/22/2020,18237.5,98.4,0.542%,28.209%
6/29/2020,18233.6,-3.9,-0.021%,-1.112%
7/6/2020,18325.9,92.3,0.506%,26.323%
7/13/2020,18388.4,62.5,0.341%,17.734%
7/20/2020,18318.2,-70.2,-0.382%,-19.852%
